timestamp,packet_id,predicted_label,actual_label,probability,is_alert
2025-03-26 23:51:53.190,0,0,0,1.0000,0
2025-03-26 23:51:53.348,1,0,0,1.0000,0
2025-03-26 23:51:53.418,2,4,4,1.0000,1
2025-03-26 23:51:53.477,3,0,0,1.0000,0
2025-03-26 23:51:53.535,4,0,0,1.0000,0
2025-03-26 23:51:53.642,5,0,0,1.0000,0
2025-03-26 23:51:53.689,6,0,0,1.0000,0
2025-03-26 23:51:53.719,7,0,0,1.0000,0
2025-03-26 23:51:53.749,8,0,0,0.9849,0
2025-03-26 23:51:53.802,9,0,0,1.0000,0
2025-03-26 23:51:53.843,10,4,4,1.0000,1
2025-03-26 23:51:53.896,11,0,0,0.9900,0
2025-03-26 23:51:53.957,12,0,0,1.0000,0
2025-03-26 23:51:54.043,13,2,2,1.0000,1
2025-03-26 23:51:54.096,14,0,0,1.0000,0
2025-03-26 23:51:54.150,15,0,0,1.0000,0
2025-03-26 23:51:54.246,16,0,0,1.0000,0
2025-03-26 23:51:54.302,17,0,0,1.0000,0
2025-03-26 23:51:54.345,18,2,2,1.0000,1
2025-03-26 23:51:54.375,19,0,0,1.0000,0
2025-03-26 23:51:54.420,20,0,0,1.0000,0
2025-03-26 23:51:54.544,21,0,0,1.0000,0
2025-03-26 23:51:54.627,22,0,0,1.0000,0
2025-03-26 23:51:54.708,23,0,0,1.0000,0
2025-03-26 23:51:54.771,24,0,0,1.0000,0
2025-03-26 23:51:54.847,25,0,0,1.0000,0
2025-03-26 23:51:54.889,26,4,4,1.0000,1
2025-03-26 23:51:54.942,27,0,0,1.0000,0
2025-03-26 23:51:55.010,28,2,2,1.0000,1
2025-03-26 23:51:55.052,29,0,0,1.0000,0
2025-03-26 23:51:55.082,30,0,0,1.0000,0
2025-03-26 23:51:55.113,31,0,0,1.0000,0
2025-03-26 23:51:55.153,32,0,0,1.0000,0
2025-03-26 23:51:55.196,33,0,0,1.0000,0
2025-03-26 23:51:55.226,34,0,0,1.0000,0
2025-03-26 23:51:55.255,35,0,0,1.0000,0
2025-03-26 23:51:55.285,36,0,0,1.0000,0
2025-03-26 23:51:55.315,37,4,4,0.9900,1
2025-03-26 23:51:55.357,38,0,0,1.0000,0
2025-03-26 23:51:55.402,39,0,0,1.0000,0
2025-03-26 23:51:55.499,40,0,0,1.0000,0
2025-03-26 23:51:55.592,41,0,0,1.0000,0
2025-03-26 23:51:55.687,42,2,2,1.0000,1
2025-03-26 23:51:55.780,43,10,10,1.0000,1
2025-03-26 23:51:55.810,44,0,0,1.0000,0
2025-03-26 23:51:55.839,45,0,0,1.0000,0
2025-03-26 23:51:55.878,46,0,0,1.0000,0
2025-03-26 23:51:55.993,47,0,0,1.0000,0
2025-03-26 23:51:56.052,48,0,0,1.0000,0
2025-03-26 23:51:56.110,49,0,0,1.0000,0
2025-03-26 23:51:56.172,50,0,0,1.0000,0
2025-03-26 23:51:56.202,51,0,0,1.0000,0
2025-03-26 23:51:56.232,52,6,6,1.0000,1
2025-03-26 23:51:56.288,53,0,0,1.0000,0
2025-03-26 23:51:56.416,54,0,0,1.0000,0
2025-03-26 23:51:56.544,55,0,0,1.0000,0
2025-03-26 23:51:56.669,56,0,0,1.0000,0
2025-03-26 23:51:56.719,57,0,0,1.0000,0
2025-03-26 23:51:56.759,58,0,0,1.0000,0
2025-03-26 23:51:56.801,59,0,0,1.0000,0
2025-03-26 23:51:56.841,60,10,10,1.0000,1
2025-03-26 23:51:56.893,61,0,0,1.0000,0
2025-03-26 23:51:56.931,62,0,0,1.0000,0
2025-03-26 23:51:56.961,63,10,10,1.0000,1
2025-03-26 23:51:57.013,64,0,0,1.0000,0
2025-03-26 23:51:57.043,65,0,0,1.0000,0
2025-03-26 23:51:57.085,66,0,0,1.0000,0
2025-03-26 23:51:57.115,67,0,0,1.0000,0
2025-03-26 23:51:57.145,68,4,4,1.0000,1
2025-03-26 23:51:57.257,69,0,0,1.0000,0
2025-03-26 23:51:57.325,70,0,0,1.0000,0
2025-03-26 23:51:57.401,71,0,0,1.0000,0
2025-03-26 23:51:57.443,72,0,0,1.0000,0
2025-03-26 23:51:57.474,73,4,4,1.0000,1
2025-03-26 23:51:57.516,74,0,0,1.0000,0
2025-03-26 23:51:57.557,75,0,0,1.0000,0
2025-03-26 23:51:57.587,76,0,0,1.0000,0
2025-03-26 23:51:57.617,77,0,0,1.0000,0
2025-03-26 23:51:57.647,78,2,2,1.0000,1
2025-03-26 23:51:57.677,79,0,0,1.0000,0
2025-03-26 23:51:57.707,80,0,0,1.0000,0
2025-03-26 23:51:57.736,81,10,10,1.0000,1
2025-03-26 23:51:57.789,82,0,0,1.0000,0
2025-03-26 23:51:57.831,83,0,0,1.0000,0
2025-03-26 23:51:57.870,84,0,0,1.0000,0
2025-03-26 23:51:57.900,85,0,0,1.0000,0
2025-03-26 23:51:57.929,86,0,0,1.0000,0
2025-03-26 23:51:57.959,87,4,4,1.0000,1
2025-03-26 23:51:58.000,88,0,0,1.0000,0
2025-03-26 23:51:58.041,89,2,2,1.0000,1
2025-03-26 23:51:58.070,90,0,0,1.0000,0
2025-03-26 23:51:58.099,91,0,0,1.0000,0
2025-03-26 23:51:58.129,92,0,0,1.0000,0
2025-03-26 23:51:58.232,93,0,0,1.0000,0
2025-03-26 23:51:58.387,94,0,0,1.0000,0
2025-03-26 23:51:58.535,95,0,0,1.0000,0
2025-03-26 23:51:58.609,96,0,0,1.0000,0
2025-03-26 23:51:58.680,97,4,4,1.0000,1
2025-03-26 23:51:58.723,98,0,0,1.0000,0
2025-03-26 23:51:58.764,99,0,0,1.0000,0
2025-03-26 23:51:58.794,100,0,0,1.0000,0
2025-03-26 23:51:58.904,101,0,0,1.0000,0
2025-03-26 23:51:59.051,102,2,2,1.0000,1
2025-03-26 23:51:59.100,103,0,0,1.0000,0
2025-03-26 23:51:59.129,104,0,0,1.0000,0
2025-03-26 23:51:59.170,105,0,0,1.0000,0
2025-03-26 23:51:59.212,106,0,0,1.0000,0
2025-03-26 23:51:59.267,107,0,0,1.0000,0
2025-03-26 23:51:59.428,108,0,0,1.0000,0
2025-03-26 23:51:59.546,109,4,4,1.0000,1
2025-03-26 23:51:59.660,110,4,4,1.0000,1
2025-03-26 23:51:59.798,111,0,0,1.0000,0
2025-03-26 23:51:59.868,112,0,0,1.0000,0
2025-03-26 23:51:59.938,113,0,0,1.0000,0
2025-03-26 23:51:59.979,114,0,0,1.0000,0
2025-03-26 23:52:00.034,115,4,4,1.0000,1
2025-03-26 23:52:00.087,116,0,0,1.0000,0
2025-03-26 23:52:00.129,117,0,0,1.0000,0
2025-03-26 23:52:00.160,118,0,0,1.0000,0
2025-03-26 23:52:00.191,119,0,0,1.0000,0
2025-03-26 23:52:00.232,120,0,0,1.0000,0
2025-03-26 23:52:00.275,121,10,10,1.0000,1
2025-03-26 23:52:00.305,122,0,0,1.0000,0
2025-03-26 23:52:00.357,123,4,4,1.0000,1
2025-03-26 23:52:00.399,124,0,0,1.0000,0
2025-03-26 23:52:00.429,125,0,0,1.0000,0
2025-03-26 23:52:00.459,126,0,0,1.0000,0
2025-03-26 23:52:00.489,127,0,0,1.0000,0
2025-03-26 23:52:00.519,128,0,0,1.0000,0
2025-03-26 23:52:00.549,129,4,4,1.0000,1
2025-03-26 23:52:00.591,130,0,0,1.0000,0
2025-03-26 23:52:00.620,131,0,0,1.0000,0
2025-03-26 23:52:00.650,132,0,0,1.0000,0
2025-03-26 23:52:00.691,133,0,0,1.0000,0
2025-03-26 23:52:00.721,134,0,0,1.0000,0
2025-03-26 23:52:00.762,135,0,0,1.0000,0
2025-03-26 23:52:00.792,136,0,0,1.0000,0
2025-03-26 23:52:00.832,137,10,0,1.0000,1
2025-03-26 23:52:00.939,138,0,0,1.0000,0
2025-03-26 23:52:01.121,139,0,0,1.0000,0
2025-03-26 23:52:01.205,140,0,0,1.0000,0
2025-03-26 23:52:01.268,141,0,0,1.0000,0
2025-03-26 23:52:01.299,142,0,0,1.0000,0
2025-03-26 23:52:01.329,143,10,10,1.0000,1
2025-03-26 23:52:01.369,144,0,0,1.0000,0
2025-03-26 23:52:01.400,145,0,0,1.0000,0
2025-03-26 23:52:01.444,146,0,0,1.0000,0
2025-03-26 23:52:01.596,147,0,0,1.0000,0
2025-03-26 23:52:01.725,148,0,0,1.0000,0
2025-03-26 23:52:01.822,149,0,0,1.0000,0
2025-03-26 23:52:01.884,150,0,0,1.0000,0
2025-03-26 23:52:01.925,151,2,2,1.0000,1
2025-03-26 23:52:01.970,152,0,0,1.0000,0
2025-03-26 23:52:02.079,153,0,0,1.0000,0
2025-03-26 23:52:02.110,154,0,0,1.0000,0
2025-03-26 23:52:02.141,155,0,0,1.0000,0
2025-03-26 23:52:02.170,156,0,0,1.0000,0
2025-03-26 23:52:02.199,157,0,0,1.0000,0
2025-03-26 23:52:02.244,158,0,0,1.0000,0
2025-03-26 23:52:02.409,159,0,0,1.0000,0
2025-03-26 23:52:02.490,160,0,0,1.0000,0
2025-03-26 23:52:02.563,161,0,0,1.0000,0
2025-03-26 23:52:02.620,162,0,0,1.0000,0
2025-03-26 23:52:02.729,163,0,0,1.0000,0
2025-03-26 23:52:02.776,164,0,0,1.0000,0
2025-03-26 23:52:02.806,165,0,0,1.0000,0
2025-03-26 23:52:02.836,166,0,0,1.0000,0
2025-03-26 23:52:02.888,167,0,0,1.0000,0
2025-03-26 23:52:02.942,168,0,0,1.0000,0
2025-03-26 23:52:02.973,169,0,0,1.0000,0
2025-03-26 23:52:03.013,170,4,4,1.0000,1
2025-03-26 23:52:03.054,171,0,0,1.0000,0
2025-03-26 23:52:03.108,172,0,0,1.0000,0
2025-03-26 23:52:03.140,173,0,0,1.0000,0
2025-03-26 23:52:03.169,174,0,0,1.0000,0
2025-03-26 23:52:03.198,175,0,0,1.0000,0
2025-03-26 23:52:03.228,176,0,0,1.0000,0
2025-03-26 23:52:03.258,177,0,0,1.0000,0
2025-03-26 23:52:03.298,178,0,0,1.0000,0
2025-03-26 23:52:03.354,179,0,0,1.0000,0
2025-03-26 23:52:03.441,180,0,0,1.0000,0
2025-03-26 23:52:03.471,181,0,0,1.0000,0
2025-03-26 23:52:03.516,182,0,0,1.0000,0
2025-03-26 23:52:03.668,183,0,0,1.0000,0
2025-03-26 23:52:03.743,184,10,10,1.0000,1
2025-03-26 23:52:03.805,185,0,0,1.0000,0
2025-03-26 23:52:03.836,186,0,0,1.0000,0
2025-03-26 23:52:03.876,187,0,0,1.0000,0
2025-03-26 23:52:03.907,188,0,0,1.0000,0
2025-03-26 23:52:03.951,189,0,0,1.0000,0
2025-03-26 23:52:04.063,190,0,0,1.0000,0
2025-03-26 23:52:04.110,191,2,2,1.0000,1
2025-03-26 23:52:04.140,192,0,0,1.0000,0
2025-03-26 23:52:04.169,193,0,0,1.0000,0
2025-03-26 23:52:04.210,194,0,0,1.0000,0
2025-03-26 23:52:04.239,195,4,4,1.0000,1
2025-03-26 23:52:04.280,196,0,0,1.0000,0
2025-03-26 23:52:04.320,197,0,0,1.0000,0
2025-03-26 23:52:04.350,198,0,0,1.0000,0
2025-03-26 23:52:04.379,199,0,0,1.0000,0
2025-03-26 23:52:04.409,200,4,4,1.0000,1
2025-03-26 23:52:04.439,201,0,0,1.0000,0
2025-03-26 23:52:04.468,202,0,0,1.0000,0
2025-03-26 23:52:04.497,203,0,0,1.0000,0
2025-03-26 23:52:04.526,204,0,0,1.0000,0
2025-03-26 23:52:04.555,205,0,0,1.0000,0
2025-03-26 23:52:04.584,206,0,0,1.0000,0
2025-03-26 23:52:04.614,207,0,0,1.0000,0
2025-03-26 23:52:04.643,208,10,10,1.0000,1
2025-03-26 23:52:04.672,209,0,0,1.0000,0
2025-03-26 23:52:04.702,210,0,0,1.0000,0
2025-03-26 23:52:04.743,213,0,0,1.0000,0
2025-03-26 23:52:04.773,216,4,4,1.0000,1
2025-03-26 23:52:04.802,218,2,2,1.0000,1
2025-03-26 23:52:04.913,219,0,0,1.0000,0
2025-03-26 23:52:04.982,220,0,0,1.0000,0
2025-03-26 23:52:05.053,222,0,0,1.0000,0
2025-03-26 23:52:05.106,224,0,0,1.0000,0
2025-03-26 23:52:05.137,226,0,0,1.0000,0
2025-03-26 23:52:05.177,227,0,0,1.0000,0
2025-03-26 23:52:05.208,228,0,0,1.0000,0
2025-03-26 23:52:05.259,229,0,0,1.0000,0
2025-03-26 23:52:05.358,231,0,0,1.0000,0
2025-03-26 23:52:05.413,232,0,0,1.0000,0
2025-03-26 23:52:05.455,233,0,0,1.0000,0
2025-03-26 23:52:05.561,235,0,0,1.0000,0
2025-03-26 23:52:05.675,236,3,3,1.0000,1
2025-03-26 23:52:05.766,237,0,0,1.0000,0
2025-03-26 23:52:05.800,238,0,0,1.0000,0
2025-03-26 23:52:05.897,239,0,0,1.0000,0
2025-03-26 23:52:05.929,240,0,0,1.0000,0
2025-03-26 23:52:05.960,241,0,0,1.0000,0
2025-03-26 23:52:06.001,242,10,10,1.0000,1
2025-03-26 23:52:06.129,243,0,0,1.0000,0
2025-03-26 23:52:06.218,244,0,0,1.0000,0
2025-03-26 23:52:06.290,245,0,0,1.0000,0
2025-03-26 23:52:06.339,246,2,2,1.0000,1
2025-03-26 23:52:06.380,248,4,4,1.0000,1
2025-03-26 23:52:06.422,249,4,4,1.0000,1
2025-03-26 23:52:06.519,251,4,4,1.0000,1
2025-03-26 23:52:06.640,255,4,4,1.0000,1
2025-03-26 23:52:06.715,257,0,0,1.0000,0
2025-03-26 23:52:06.745,258,0,0,1.0000,0
2025-03-26 23:52:06.785,259,4,4,1.0000,1
2025-03-26 23:52:06.863,261,0,0,1.0000,0
2025-03-26 23:52:06.973,262,10,10,1.0000,1
2025-03-26 23:52:07.095,263,0,0,1.0000,0
2025-03-26 23:52:07.210,264,0,0,1.0000,0
2025-03-26 23:52:07.326,267,0,0,1.0000,0
2025-03-26 23:52:07.444,271,0,0,1.0000,0
2025-03-26 23:52:07.520,272,4,4,1.0000,1
2025-03-26 23:52:07.596,274,10,10,1.0000,1
2025-03-26 23:52:07.639,275,0,0,1.0000,0
2025-03-26 23:52:07.681,277,10,10,1.0000,1
2025-03-26 23:52:07.712,280,0,0,1.0000,0
2025-03-26 23:52:07.742,282,0,0,1.0000,0
2025-03-26 23:52:07.772,283,7,7,1.0000,1
2025-03-26 23:52:07.802,284,0,0,1.0000,0
2025-03-26 23:52:07.832,286,0,0,1.0000,0
2025-03-26 23:52:07.862,287,0,0,1.0000,0
2025-03-26 23:52:07.892,290,4,4,1.0000,1
2025-03-26 23:52:07.922,293,0,0,1.0000,0
2025-03-26 23:52:07.952,296,0,0,1.0000,0
2025-03-26 23:52:08.052,298,0,0,1.0000,0
2025-03-26 23:52:08.097,301,0,0,1.0000,0
2025-03-26 23:52:08.211,302,0,0,1.0000,0
2025-03-26 23:52:08.367,303,10,10,1.0000,1
2025-03-26 23:52:08.425,305,0,0,1.0000,0
2025-03-26 23:52:08.455,306,0,0,1.0000,0
2025-03-26 23:52:08.485,308,0,0,1.0000,0
2025-03-26 23:52:08.593,309,2,2,1.0000,1
2025-03-26 23:52:08.727,310,2,2,1.0000,1
2025-03-26 23:52:08.814,311,0,0,1.0000,0
2025-03-26 23:52:08.894,313,0,0,1.0000,0
2025-03-26 23:52:08.927,314,0,0,1.0000,0
2025-03-26 23:52:08.956,315,10,10,1.0000,1
2025-03-26 23:52:08.985,316,0,0,1.0000,0
2025-03-26 23:52:09.016,317,0,0,1.0000,0
2025-03-26 23:52:09.066,318,0,0,1.0000,0
2025-03-26 23:52:09.109,319,10,10,1.0000,1
2025-03-26 23:52:09.139,320,0,0,1.0000,0
2025-03-26 23:52:09.181,324,3,3,1.0000,1
2025-03-26 23:52:09.223,326,0,0,1.0000,0
2025-03-26 23:52:09.335,328,0,0,1.0000,0
2025-03-26 23:52:09.457,330,0,0,1.0000,0
2025-03-26 23:52:09.547,332,0,0,1.0000,0
2025-03-26 23:52:09.604,334,0,0,1.0000,0
2025-03-26 23:52:09.635,335,0,0,1.0000,0
2025-03-26 23:52:09.745,336,0,0,1.0000,0
2025-03-26 23:52:09.820,337,0,0,1.0000,0
2025-03-26 23:52:09.968,338,2,2,1.0000,1
2025-03-26 23:52:10.062,340,0,0,1.0000,0
2025-03-26 23:52:10.112,342,0,0,1.0000,0
2025-03-26 23:52:10.187,343,0,0,1.0000,0
2025-03-26 23:52:10.229,344,0,0,1.0000,0
2025-03-26 23:52:10.258,345,0,0,1.0000,0
2025-03-26 23:52:10.297,346,0,0,1.0000,0
2025-03-26 23:52:10.338,347,0,0,1.0000,0
2025-03-26 23:52:10.370,348,0,0,1.0000,0
2025-03-26 23:52:10.411,349,0,0,1.0000,0
2025-03-26 23:52:10.441,350,0,0,1.0000,0
2025-03-26 23:52:10.546,351,0,0,1.0000,0
2025-03-26 23:52:10.633,352,0,0,1.0000,0
2025-03-26 23:52:10.664,353,0,0,1.0000,0
2025-03-26 23:52:10.705,354,4,4,1.0000,1
2025-03-26 23:52:10.756,355,0,0,1.0000,0
2025-03-26 23:52:10.835,356,0,0,1.0000,0
2025-03-26 23:52:10.944,357,0,0,1.0000,0
2025-03-26 23:52:10.974,358,0,0,1.0000,0
2025-03-26 23:52:11.005,359,2,2,1.0000,1
2025-03-26 23:52:11.047,360,0,0,1.0000,0
2025-03-26 23:52:11.077,361,0,0,1.0000,0
2025-03-26 23:52:11.117,362,0,0,1.0000,0
2025-03-26 23:52:11.198,363,0,0,1.0000,0
2025-03-26 23:52:11.319,364,0,0,1.0000,0
2025-03-26 23:52:11.390,365,0,0,1.0000,0
2025-03-26 23:52:11.472,366,0,0,1.0000,0
2025-03-26 23:52:11.526,369,0,0,1.0000,0
2025-03-26 23:52:11.568,370,0,0,1.0000,0
2025-03-26 23:52:11.597,371,0,0,1.0000,0
2025-03-26 23:52:11.648,373,0,0,1.0000,0
2025-03-26 23:52:11.689,374,0,0,1.0000,0
2025-03-26 23:52:11.730,376,10,10,1.0000,1
2025-03-26 23:52:11.760,378,0,0,1.0000,0
2025-03-26 23:52:11.789,380,0,0,1.0000,0
2025-03-26 23:52:11.842,383,0,0,0.9000,0
2025-03-26 23:52:11.873,386,0,0,0.9800,0
2025-03-26 23:52:11.913,389,0,0,1.0000,0
2025-03-26 23:52:11.955,391,0,0,1.0000,0
2025-03-26 23:52:11.996,393,4,4,1.0000,1
2025-03-26 23:52:12.037,396,0,0,1.0000,0
2025-03-26 23:52:12.079,397,4,4,1.0000,1
2025-03-26 23:52:12.110,399,10,10,1.0000,1
2025-03-26 23:52:12.139,400,0,0,1.0000,0
2025-03-26 23:52:12.190,402,0,0,1.0000,0
2025-03-26 23:52:12.233,404,0,0,1.0000,0
2025-03-26 23:52:12.328,407,7,7,1.0000,1
2025-03-26 23:52:12.384,408,10,10,1.0000,1
2025-03-26 23:52:12.447,410,0,0,1.0000,0
2025-03-26 23:52:12.530,412,4,4,1.0000,1
2025-03-26 23:52:12.628,415,4,4,1.0000,1
2025-03-26 23:52:12.712,418,0,0,1.0000,0
2025-03-26 23:52:12.775,419,0,0,1.0000,0
2025-03-26 23:52:12.816,420,0,0,1.0000,0
2025-03-26 23:52:12.846,422,0,0,1.0000,0
2025-03-26 23:52:12.875,425,0,0,1.0000,0
2025-03-26 23:52:12.904,429,4,4,1.0000,1
2025-03-26 23:52:12.934,432,0,0,1.0000,0
2025-03-26 23:52:12.986,437,0,0,1.0000,0
2025-03-26 23:52:13.028,439,0,0,1.0000,0
2025-03-26 23:52:13.059,441,0,0,1.0000,0
2025-03-26 23:52:13.165,445,2,2,1.0000,1
2025-03-26 23:52:13.225,447,0,0,1.0000,0
2025-03-26 23:52:13.255,449,0,0,1.0000,0
2025-03-26 23:52:13.285,451,0,0,1.0000,0
2025-03-26 23:52:13.326,452,0,0,1.0000,0
2025-03-26 23:52:13.357,453,0,0,1.0000,0
2025-03-26 23:52:13.415,454,0,0,1.0000,0
2025-03-26 23:52:13.446,455,0,0,1.0000,0
2025-03-26 23:52:13.490,456,0,0,1.0000,0
2025-03-26 23:52:13.593,458,0,0,1.0000,0
2025-03-26 23:52:13.633,459,0,0,1.0000,0
2025-03-26 23:52:13.664,460,4,4,1.0000,1
2025-03-26 23:52:13.693,461,0,0,1.0000,0
2025-03-26 23:52:13.722,462,0,0,1.0000,0
2025-03-26 23:52:13.752,463,0,0,1.0000,0
2025-03-26 23:52:13.875,467,0,0,1.0000,0
2025-03-26 23:52:13.927,471,0,0,1.0000,0
2025-03-26 23:52:13.984,472,0,0,1.0000,0
2025-03-26 23:52:14.059,473,0,0,1.0000,0
2025-03-26 23:52:14.104,474,0,0,1.0000,0
2025-03-26 23:52:14.134,478,0,0,1.0000,0
2025-03-26 23:52:14.164,481,0,0,1.0000,0
2025-03-26 23:52:14.193,483,0,0,1.0000,0
2025-03-26 23:52:14.223,485,0,0,1.0000,0
2025-03-26 23:52:14.252,487,0,0,1.0000,0
2025-03-26 23:52:14.282,489,0,0,1.0000,0
2025-03-26 23:52:14.311,490,0,0,1.0000,0
2025-03-26 23:52:14.342,491,0,0,1.0000,0
2025-03-26 23:52:14.381,492,0,0,1.0000,0
2025-03-26 23:52:14.411,494,4,4,1.0000,1
2025-03-26 23:52:14.441,495,0,0,1.0000,0
2025-03-26 23:52:14.471,496,0,0,1.0000,0
2025-03-26 23:52:14.501,498,0,0,1.0000,0
2025-03-26 23:52:14.542,501,0,0,1.0000,0
2025-03-26 23:52:14.654,506,0,0,1.0000,0
2025-03-26 23:52:14.745,508,0,0,1.0000,0
2025-03-26 23:52:14.801,511,0,0,1.0000,0
2025-03-26 23:52:14.853,512,0,0,1.0000,0
2025-03-26 23:52:14.908,515,4,4,1.0000,1
2025-03-26 23:52:14.951,518,4,4,1.0000,1
2025-03-26 23:52:15.003,521,0,0,1.0000,0
2025-03-26 23:52:15.055,524,0,0,1.0000,0
2025-03-26 23:52:15.169,525,0,0,1.0000,0
2025-03-26 23:52:15.223,527,0,0,1.0000,0
2025-03-26 23:52:15.293,529,0,0,1.0000,0
2025-03-26 23:52:15.343,530,0,0,1.0000,0
2025-03-26 23:52:15.385,532,0,0,1.0000,0
2025-03-26 23:52:15.415,533,0,0,1.0000,0
2025-03-26 23:52:15.445,534,0,0,1.0000,0
2025-03-26 23:52:15.550,535,0,0,1.0000,0
2025-03-26 23:52:15.659,536,0,0,1.0000,0
2025-03-26 23:52:15.819,538,10,10,1.0000,1
2025-03-26 23:52:15.878,541,0,0,1.0000,0
2025-03-26 23:52:15.919,542,0,0,1.0000,0
2025-03-26 23:52:16.013,543,0,0,1.0000,0
2025-03-26 23:52:16.066,545,4,4,1.0000,1
2025-03-26 23:52:16.097,548,0,0,1.0000,0
2025-03-26 23:52:16.149,550,0,0,1.0000,0
2025-03-26 23:52:16.189,552,0,0,1.0000,0
2025-03-26 23:52:16.220,553,0,0,1.0000,0
2025-03-26 23:52:16.249,555,0,0,1.0000,0
2025-03-26 23:52:16.288,556,2,2,1.0000,1
2025-03-26 23:52:16.318,557,0,0,1.0000,0
2025-03-26 23:52:16.439,559,0,0,1.0000,0
2025-03-26 23:52:16.513,562,0,0,1.0000,0
2025-03-26 23:52:16.585,564,0,0,1.0000,0
2025-03-26 23:52:16.638,567,0,0,1.0000,0
2025-03-26 23:52:16.691,570,0,0,1.0000,0
2025-03-26 23:52:16.731,571,0,0,1.0000,0
2025-03-26 23:52:16.760,572,4,4,1.0000,1
2025-03-26 23:52:16.790,574,0,0,1.0000,0
2025-03-26 23:52:16.830,576,0,0,1.0000,0
2025-03-26 23:52:16.880,578,10,10,1.0000,1
2025-03-26 23:52:16.937,579,4,4,1.0000,1
2025-03-26 23:52:16.988,580,0,0,1.0000,0
2025-03-26 23:52:17.018,581,0,0,1.0000,0
2025-03-26 23:52:17.060,582,2,2,1.0000,1
2025-03-26 23:52:17.142,583,0,0,1.0000,0
2025-03-26 23:52:17.256,585,4,4,1.0000,1
2025-03-26 23:52:17.375,586,0,0,1.0000,0
2025-03-26 23:52:17.489,587,0,0,1.0000,0
2025-03-26 23:52:17.658,590,0,0,1.0000,0
2025-03-26 23:52:17.742,591,0,0,1.0000,0
2025-03-26 23:52:17.815,592,0,0,1.0000,0
2025-03-26 23:52:17.888,595,4,4,1.0000,1
2025-03-26 23:52:17.929,596,0,0,1.0000,0
2025-03-26 23:52:17.958,599,0,0,1.0000,0
2025-03-26 23:52:17.988,601,0,0,1.0000,0
2025-03-26 23:52:18.017,602,0,0,1.0000,0
2025-03-26 23:52:18.047,604,0,0,1.0000,0
2025-03-26 23:52:18.076,607,0,0,1.0000,0
2025-03-26 23:52:18.127,611,4,4,1.0000,1
2025-03-26 23:52:18.240,615,0,0,1.0000,0
2025-03-26 23:52:18.393,616,0,0,1.0000,0
2025-03-26 23:52:18.478,617,0,0,1.0000,0
2025-03-26 23:52:18.638,618,0,0,1.0000,0
2025-03-26 23:52:18.749,619,0,0,1.0000,0
2025-03-26 23:52:18.825,620,0,0,1.0000,0
2025-03-26 23:52:18.856,623,0,0,1.0000,0
2025-03-26 23:52:18.997,624,0,0,0.9700,0
2025-03-26 23:52:19.093,625,0,0,1.0000,0
2025-03-26 23:52:19.160,629,0,0,1.0000,0
2025-03-26 23:52:19.203,632,0,0,1.0000,0
2025-03-26 23:52:19.233,633,0,0,1.0000,0
2025-03-26 23:52:19.261,634,10,10,1.0000,1
2025-03-26 23:52:19.291,635,0,0,1.0000,0
2025-03-26 23:52:19.320,637,0,0,1.0000,0
2025-03-26 23:52:19.350,639,2,2,1.0000,1
2025-03-26 23:52:19.379,640,0,0,1.0000,0
2025-03-26 23:52:19.420,641,0,0,1.0000,0
2025-03-26 23:52:19.461,644,0,0,1.0000,0
2025-03-26 23:52:19.500,646,0,0,1.0000,0
2025-03-26 23:52:19.541,647,0,0,1.0000,0
2025-03-26 23:52:19.582,648,0,0,0.9300,0
2025-03-26 23:52:19.677,649,0,0,1.0000,0
2025-03-26 23:52:19.733,650,0,0,1.0000,0
2025-03-26 23:52:19.773,652,0,0,1.0000,0
2025-03-26 23:52:19.803,653,4,4,1.0000,1
2025-03-26 23:52:19.832,655,0,0,1.0000,0
2025-03-26 23:52:19.861,657,0,0,1.0000,0
2025-03-26 23:52:19.901,660,0,0,1.0000,0
2025-03-26 23:52:19.942,661,0,0,1.0000,0
2025-03-26 23:52:19.998,662,0,0,1.0000,0
2025-03-26 23:52:20.050,663,0,0,1.0000,0
2025-03-26 23:52:20.090,664,0,0,1.0000,0
2025-03-26 23:52:20.131,665,0,0,1.0000,0
2025-03-26 23:52:20.215,666,0,0,1.0000,0
2025-03-26 23:52:20.300,667,0,0,1.0000,0
2025-03-26 23:52:20.370,668,0,0,1.0000,0
2025-03-26 23:52:20.431,669,0,0,1.0000,0
2025-03-26 23:52:20.473,671,10,10,1.0000,1
2025-03-26 23:52:20.502,672,0,0,1.0000,0
2025-03-26 23:52:20.543,673,0,0,1.0000,0
2025-03-26 23:52:20.654,674,0,0,1.0000,0
2025-03-26 23:52:20.762,675,0,0,1.0000,0
2025-03-26 23:52:20.793,677,0,0,1.0000,0
2025-03-26 23:52:20.897,679,0,0,1.0000,0
2025-03-26 23:52:21.028,681,10,10,1.0000,1
2025-03-26 23:52:21.095,683,0,0,1.0000,0
2025-03-26 23:52:21.126,685,0,0,1.0000,0
2025-03-26 23:52:21.155,686,0,0,1.0000,0
2025-03-26 23:52:21.206,688,0,0,0.9700,0
2025-03-26 23:52:21.247,690,0,0,1.0000,0
2025-03-26 23:52:21.287,692,0,0,1.0000,0
2025-03-26 23:52:21.333,693,0,0,1.0000,0
2025-03-26 23:52:21.532,695,0,0,1.0000,0
2025-03-26 23:52:21.599,697,0,0,1.0000,0
2025-03-26 23:52:21.668,699,0,0,1.0000,0
2025-03-26 23:52:21.710,700,0,0,1.0000,0
2025-03-26 23:52:21.750,701,0,0,1.0000,0
2025-03-26 23:52:21.780,704,0,0,1.0000,0
2025-03-26 23:52:21.810,706,0,0,1.0000,0
2025-03-26 23:52:21.838,709,0,0,1.0000,0
2025-03-26 23:52:21.877,711,10,10,1.0000,1
2025-03-26 23:52:21.907,712,0,0,1.0000,0
2025-03-26 23:52:21.951,714,0,0,1.0000,0
2025-03-26 23:52:22.052,716,0,0,1.0000,0
2025-03-26 23:52:22.148,717,0,0,1.0000,0
2025-03-26 23:52:22.238,718,0,0,1.0000,0
2025-03-26 23:52:22.295,719,2,2,1.0000,1
2025-03-26 23:52:22.334,720,0,0,1.0000,0
2025-03-26 23:52:22.376,721,0,0,1.0000,0
2025-03-26 23:52:22.416,722,0,0,1.0000,0
2025-03-26 23:52:22.445,723,0,0,0.9900,0
2025-03-26 23:52:22.495,725,0,0,1.0000,0
2025-03-26 23:52:22.524,727,0,0,1.0000,0
2025-03-26 23:52:22.553,729,0,0,1.0000,0
2025-03-26 23:52:22.592,731,0,0,1.0000,0
2025-03-26 23:52:22.734,734,0,0,1.0000,0
2025-03-26 23:52:22.821,735,0,0,1.0000,0
2025-03-26 23:52:22.891,736,10,10,1.0000,1
2025-03-26 23:52:22.949,737,0,0,1.0000,0
2025-03-26 23:52:23.003,738,0,0,0.9600,0
2025-03-26 23:52:23.045,739,0,0,1.0000,0
2025-03-26 23:52:23.087,741,10,10,1.0000,1
2025-03-26 23:52:23.118,742,0,0,1.0000,0
2025-03-26 23:52:23.148,743,0,0,1.0000,0
2025-03-26 23:52:23.178,746,0,0,1.0000,0
2025-03-26 23:52:23.208,747,0,0,1.0000,0
2025-03-26 23:52:23.311,751,0,0,1.0000,0
2025-03-26 23:52:23.433,754,0,0,1.0000,0
2025-03-26 23:52:23.476,756,10,10,1.0000,1
2025-03-26 23:52:23.506,760,0,0,1.0000,0
2025-03-26 23:52:23.558,762,0,0,1.0000,0
2025-03-26 23:52:23.611,764,0,0,1.0000,0
2025-03-26 23:52:23.653,767,0,0,1.0000,0
2025-03-26 23:52:23.683,768,4,4,1.0000,1
2025-03-26 23:52:23.713,770,0,0,1.0000,0
2025-03-26 23:52:23.743,771,0,0,1.0000,0
2025-03-26 23:52:23.773,772,4,4,1.0000,1
2025-03-26 23:52:23.826,773,0,0,1.0000,0
2025-03-26 23:52:23.880,774,0,0,1.0000,0
2025-03-26 23:52:23.920,775,0,0,1.0000,0
2025-03-26 23:52:24.034,779,0,0,1.0000,0
2025-03-26 23:52:24.097,782,4,4,1.0000,1
2025-03-26 23:52:24.174,785,0,0,1.0000,0
2025-03-26 23:52:24.206,789,0,0,1.0000,0
2025-03-26 23:52:24.249,793,0,0,1.0000,0
2025-03-26 23:52:24.280,795,0,0,1.0000,0
2025-03-26 23:52:24.310,797,10,10,1.0000,1
2025-03-26 23:52:24.363,800,0,0,1.0000,0
2025-03-26 23:52:24.406,804,0,0,1.0000,0
2025-03-26 23:52:24.437,805,0,0,1.0000,0
2025-03-26 23:52:24.467,807,0,0,1.0000,0
2025-03-26 23:52:24.507,808,4,4,1.0000,1
2025-03-26 23:52:24.563,809,2,2,1.0000,1
2025-03-26 23:52:24.593,810,11,11,1.0000,1
2025-03-26 23:52:24.623,811,0,0,1.0000,0
2025-03-26 23:52:24.654,812,0,0,1.0000,0
2025-03-26 23:52:24.683,813,0,0,1.0000,0
2025-03-26 23:52:24.724,816,0,0,1.0000,0
2025-03-26 23:52:24.754,817,0,0,1.0000,0
2025-03-26 23:52:24.796,820,0,0,1.0000,0
2025-03-26 23:52:24.848,821,0,0,1.0000,0
2025-03-26 23:52:24.891,823,0,0,1.0000,0
2025-03-26 23:52:24.933,826,0,0,1.0000,0
2025-03-26 23:52:24.973,829,10,10,1.0000,1
2025-03-26 23:52:25.004,831,0,0,1.0000,0
2025-03-26 23:52:25.044,833,10,10,1.0000,1
2025-03-26 23:52:25.099,834,0,0,1.0000,0
2025-03-26 23:52:25.141,835,0,0,1.0000,0
2025-03-26 23:52:25.172,836,4,4,1.0000,1
2025-03-26 23:52:25.260,837,4,4,1.0000,1
2025-03-26 23:52:25.348,838,0,0,1.0000,0
2025-03-26 23:52:25.436,840,0,0,1.0000,0
2025-03-26 23:52:25.488,842,0,0,1.0000,0
2025-03-26 23:52:25.530,843,0,0,1.0000,0
2025-03-26 23:52:25.575,845,0,0,1.0000,0
2025-03-26 23:52:25.688,848,0,0,1.0000,0
2025-03-26 23:52:25.722,850,0,0,1.0000,0
2025-03-26 23:52:25.752,851,0,0,1.0000,0
2025-03-26 23:52:25.792,853,0,0,1.0000,0
2025-03-26 23:52:25.846,854,0,0,1.0000,0
2025-03-26 23:52:25.889,855,0,0,1.0000,0
2025-03-26 23:52:25.918,860,0,0,1.0000,0
2025-03-26 23:52:25.963,864,0,0,1.0000,0
2025-03-26 23:52:26.004,865,7,7,1.0000,1
2025-03-26 23:52:26.035,867,0,0,1.0000,0
2025-03-26 23:52:26.064,871,0,0,1.0000,0
2025-03-26 23:52:26.104,873,0,0,1.0000,0
2025-03-26 23:52:26.133,874,0,0,1.0000,0
2025-03-26 23:52:26.162,875,0,0,1.0000,0
2025-03-26 23:52:26.191,878,0,0,1.0000,0
2025-03-26 23:52:26.232,879,0,0,1.0000,0
2025-03-26 23:52:26.262,880,0,0,1.0000,0
2025-03-26 23:52:26.301,881,0,0,1.0000,0
2025-03-26 23:52:26.406,885,0,0,1.0000,0
2025-03-26 23:52:26.564,887,4,4,1.0000,1
2025-03-26 23:52:26.638,888,0,0,1.0000,0
2025-03-26 23:52:26.711,890,0,0,1.0000,0
2025-03-26 23:52:26.754,891,0,0,1.0000,0
2025-03-26 23:52:26.784,892,0,0,1.0000,0
2025-03-26 23:52:26.828,893,0,0,1.0000,0
2025-03-26 23:52:26.967,894,0,0,1.0000,0
2025-03-26 23:52:27.076,895,4,4,1.0000,1
2025-03-26 23:52:27.132,896,10,10,1.0000,1
2025-03-26 23:52:27.229,897,0,0,1.0000,0
2025-03-26 23:52:27.306,899,0,0,1.0000,0
2025-03-26 23:52:27.470,900,0,0,1.0000,0
2025-03-26 23:52:27.634,903,0,0,1.0000,0
2025-03-26 23:52:27.722,905,0,0,1.0000,0
2025-03-26 23:52:27.874,906,0,0,1.0000,0
2025-03-26 23:52:27.948,907,0,0,1.0000,0
2025-03-26 23:52:28.021,908,0,0,1.0000,0
2025-03-26 23:52:28.063,909,0,0,0.9600,0
2025-03-26 23:52:28.092,911,0,0,0.9300,0
2025-03-26 23:52:28.121,912,0,0,1.0000,0
2025-03-26 23:52:28.150,913,2,2,1.0000,1
2025-03-26 23:52:28.194,914,0,0,1.0000,0
2025-03-26 23:52:28.344,917,0,0,1.0000,0
2025-03-26 23:52:28.442,919,0,0,1.0000,0
2025-03-26 23:52:28.560,922,0,0,1.0000,0
2025-03-26 23:52:28.658,924,10,10,1.0000,1
2025-03-26 23:52:28.771,927,0,0,1.0000,0
2025-03-26 23:52:28.913,928,0,0,1.0000,0
2025-03-26 23:52:28.954,929,4,4,1.0000,1
2025-03-26 23:52:28.982,930,0,0,1.0000,0
2025-03-26 23:52:29.011,931,0,0,1.0000,0
2025-03-26 23:52:29.156,932,0,0,1.0000,0
2025-03-26 23:52:29.230,933,0,0,1.0000,0
2025-03-26 23:52:29.312,936,0,0,1.0000,0
2025-03-26 23:52:29.365,939,0,0,1.0000,0
2025-03-26 23:52:29.395,940,0,0,1.0000,0
2025-03-26 23:52:29.423,941,0,0,1.0000,0
2025-03-26 23:52:29.463,943,0,0,1.0000,0
2025-03-26 23:52:29.569,945,0,0,1.0000,0
2025-03-26 23:52:29.654,947,0,0,1.0000,0
2025-03-26 23:52:29.765,948,0,0,1.0000,0
2025-03-26 23:52:29.914,949,4,4,1.0000,1
2025-03-26 23:52:29.959,950,0,0,1.0000,0
2025-03-26 23:52:29.988,951,0,0,1.0000,0
2025-03-26 23:52:30.019,952,4,4,1.0000,1
2025-03-26 23:52:30.048,954,0,0,1.0000,0
2025-03-26 23:52:30.104,955,0,0,0.9900,0
2025-03-26 23:52:30.204,957,0,0,1.0000,0
2025-03-26 23:52:30.282,959,0,0,1.0000,0
2025-03-26 23:52:30.312,961,0,0,1.0000,0
2025-03-26 23:52:30.434,962,0,0,1.0000,0
2025-03-26 23:52:30.485,964,0,0,1.0000,0
2025-03-26 23:52:30.558,966,0,0,1.0000,0
2025-03-26 23:52:30.609,967,0,0,1.0000,0
2025-03-26 23:52:30.650,968,0,0,1.0000,0
2025-03-26 23:52:30.690,969,0,0,1.0000,0
2025-03-26 23:52:30.743,970,5,5,1.0000,1
2025-03-26 23:52:30.774,971,0,0,1.0000,0
2025-03-26 23:52:30.802,972,0,0,1.0000,0
2025-03-26 23:52:30.831,973,2,2,1.0000,1
2025-03-26 23:52:30.870,974,0,0,1.0000,0
2025-03-26 23:52:30.940,976,0,0,1.0000,0
2025-03-26 23:52:31.038,977,0,0,1.0000,0
2025-03-26 23:52:31.069,978,0,0,1.0000,0
2025-03-26 23:52:31.098,979,0,0,1.0000,0
2025-03-26 23:52:31.127,980,0,0,1.0000,0
2025-03-26 23:52:31.157,981,0,0,1.0000,0
2025-03-26 23:52:31.248,982,0,0,1.0000,0
2025-03-26 23:52:31.306,984,0,0,1.0000,0
2025-03-26 23:52:31.462,985,10,10,1.0000,1
2025-03-26 23:52:31.604,986,0,0,1.0000,0
2025-03-26 23:52:31.726,987,0,0,1.0000,0
2025-03-26 23:52:31.803,988,0,0,1.0000,0
2025-03-26 23:52:31.884,990,0,0,1.0000,0
2025-03-26 23:52:31.928,992,0,0,1.0000,0
2025-03-26 23:52:31.968,993,0,0,1.0000,0
2025-03-26 23:52:32.009,994,4,4,1.0000,1
2025-03-26 23:52:32.039,996,4,4,1.0000,1
2025-03-26 23:52:32.081,998,3,3,1.0000,1
2025-03-26 23:52:32.124,999,0,0,1.0000,0
2025-03-26 23:52:32.175,1000,0,0,1.0000,0
2025-03-26 23:52:32.217,1002,0,0,1.0000,0
2025-03-26 23:52:32.247,1004,0,0,1.0000,0
2025-03-26 23:52:32.286,1006,0,0,1.0000,0
2025-03-26 23:52:32.398,1007,0,0,1.0000,0
2025-03-26 23:52:32.567,1008,0,0,1.0000,0
2025-03-26 23:52:32.728,1009,0,0,1.0000,0
2025-03-26 23:52:32.780,1010,0,0,1.0000,0
2025-03-26 23:52:32.810,1011,0,0,1.0000,0
2025-03-26 23:52:32.860,1012,0,0,1.0000,0
2025-03-26 23:52:32.890,1013,2,2,1.0000,1
2025-03-26 23:52:33.014,1014,0,0,1.0000,0
2025-03-26 23:52:33.066,1015,10,10,1.0000,1
2025-03-26 23:52:33.141,1016,0,0,1.0000,0
2025-03-26 23:52:33.202,1018,4,4,1.0000,1
2025-03-26 23:52:33.232,1019,0,0,1.0000,0
2025-03-26 23:52:33.272,1020,10,10,1.0000,1
2025-03-26 23:52:33.302,1021,0,0,1.0000,0
2025-03-26 23:52:33.331,1022,0,0,1.0000,0
2025-03-26 23:52:33.359,1023,0,0,1.0000,0
2025-03-26 23:52:33.389,1026,0,0,1.0000,0
2025-03-26 23:52:33.440,1031,12,12,0.9500,1
2025-03-26 23:52:33.470,1033,0,0,1.0000,0
2025-03-26 23:52:33.499,1035,0,0,1.0000,0
2025-03-26 23:52:33.528,1036,0,0,1.0000,0
2025-03-26 23:52:33.583,1037,0,0,1.0000,0
2025-03-26 23:52:33.748,1039,4,4,1.0000,1
2025-03-26 23:52:33.851,1042,0,0,1.0000,0
2025-03-26 23:52:33.978,1046,0,0,1.0000,0
2025-03-26 23:52:34.033,1049,0,0,1.0000,0
2025-03-26 23:52:34.141,1053,0,0,1.0000,0
2025-03-26 23:52:34.183,1055,7,7,1.0000,1
2025-03-26 23:52:34.361,1059,0,0,1.0000,0
2025-03-26 23:52:34.436,1063,0,0,1.0000,0
2025-03-26 23:52:34.517,1067,0,0,1.0000,0
2025-03-26 23:52:34.563,1070,4,4,1.0000,1
2025-03-26 23:52:34.594,1073,0,0,1.0000,0
2025-03-26 23:52:34.624,1075,2,2,1.0000,1
2025-03-26 23:52:34.654,1077,0,0,0.8000,0
2025-03-26 23:52:34.683,1078,0,0,1.0000,0
2025-03-26 23:52:34.712,1079,0,0,1.0000,0
2025-03-26 23:52:34.742,1080,0,0,1.0000,0
2025-03-26 23:52:34.771,1082,0,0,1.0000,0
2025-03-26 23:52:34.799,1085,0,0,1.0000,0
2025-03-26 23:52:34.829,1088,0,0,1.0000,0
2025-03-26 23:52:34.858,1091,0,0,1.0000,0
2025-03-26 23:52:34.886,1093,0,0,1.0000,0
2025-03-26 23:52:34.915,1097,0,0,1.0000,0
2025-03-26 23:52:34.955,1100,0,0,1.0000,0
2025-03-26 23:52:34.984,1101,0,0,1.0000,0
2025-03-26 23:52:35.037,1103,0,0,1.0000,0
2025-03-26 23:52:35.068,1105,4,4,1.0000,1
2025-03-26 23:52:35.097,1108,0,0,1.0000,0
2025-03-26 23:52:35.140,1110,0,0,1.0000,0
2025-03-26 23:52:35.258,1113,0,0,1.0000,0
2025-03-26 23:52:35.371,1115,0,0,1.0000,0
2025-03-26 23:52:35.425,1116,0,0,0.9900,0
2025-03-26 23:52:35.455,1117,0,0,0.9900,0
2025-03-26 23:52:35.484,1118,0,0,1.0000,0
2025-03-26 23:52:35.513,1120,10,10,1.0000,1
2025-03-26 23:52:35.541,1123,4,4,1.0000,1
2025-03-26 23:52:35.660,1126,0,0,1.0000,0
2025-03-26 23:52:35.737,1130,0,0,1.0000,0
2025-03-26 23:52:35.806,1131,0,0,1.0000,0
2025-03-26 23:52:35.865,1132,0,0,1.0000,0
2025-03-26 23:52:35.896,1133,0,0,1.0000,0
2025-03-26 23:52:35.936,1134,0,0,1.0000,0
2025-03-26 23:52:35.977,1135,0,0,1.0000,0
2025-03-26 23:52:36.007,1139,0,0,1.0000,0
2025-03-26 23:52:36.037,1142,0,0,1.0000,0
2025-03-26 23:52:36.077,1144,0,0,1.0000,0
2025-03-26 23:52:36.117,1149,0,0,1.0000,0
2025-03-26 23:52:36.147,1150,0,0,1.0000,0
2025-03-26 23:52:36.187,1151,0,0,1.0000,0
2025-03-26 23:52:36.216,1154,0,0,1.0000,0
2025-03-26 23:52:36.246,1155,0,0,1.0000,0
2025-03-26 23:52:36.355,1156,0,0,1.0000,0
2025-03-26 23:52:36.521,1157,4,4,1.0000,1
2025-03-26 23:52:36.655,1158,0,0,1.0000,0
2025-03-26 23:52:36.739,1159,0,0,1.0000,0
2025-03-26 23:52:36.780,1160,4,4,1.0000,1
2025-03-26 23:52:36.810,1162,0,0,1.0000,0
2025-03-26 23:52:36.840,1164,0,0,1.0000,0
2025-03-26 23:52:36.956,1168,0,0,1.0000,0
2025-03-26 23:52:37.030,1169,2,2,1.0000,1
2025-03-26 23:52:37.112,1170,10,10,1.0000,1
2025-03-26 23:52:37.144,1171,4,4,1.0000,1
2025-03-26 23:52:37.173,1172,10,10,1.0000,1
2025-03-26 23:52:37.202,1176,0,0,1.0000,0
2025-03-26 23:52:37.242,1178,0,0,1.0000,0
2025-03-26 23:52:37.272,1182,0,0,1.0000,0
2025-03-26 23:52:37.300,1185,0,0,1.0000,0
2025-03-26 23:52:37.328,1187,4,4,1.0000,1
2025-03-26 23:52:37.358,1190,0,0,1.0000,0
2025-03-26 23:52:37.387,1192,0,0,1.0000,0
2025-03-26 23:52:37.429,1193,0,0,1.0000,0
2025-03-26 23:52:37.471,1194,0,0,1.0000,0
2025-03-26 23:52:37.514,1195,0,0,1.0000,0
2025-03-26 23:52:37.542,1196,0,0,1.0000,0
2025-03-26 23:52:37.571,1198,0,0,1.0000,0
2025-03-26 23:52:37.600,1199,0,0,1.0000,0
2025-03-26 23:52:37.640,1201,0,0,1.0000,0
2025-03-26 23:52:37.670,1202,0,0,1.0000,0
2025-03-26 23:52:37.700,1203,0,0,1.0000,0
2025-03-26 23:52:37.741,1204,0,0,1.0000,0
2025-03-26 23:52:37.770,1207,4,4,1.0000,1
2025-03-26 23:52:37.811,1211,4,4,1.0000,1
2025-03-26 23:52:37.841,1213,0,0,1.0000,0
2025-03-26 23:52:37.870,1215,0,0,1.0000,0
2025-03-26 23:52:37.900,1216,0,0,1.0000,0
2025-03-26 23:52:37.951,1218,0,0,1.0000,0
2025-03-26 23:52:37.982,1219,0,0,1.0000,0
2025-03-26 23:52:38.023,1222,0,0,1.0000,0
2025-03-26 23:52:38.053,1223,0,0,1.0000,0
2025-03-26 23:52:38.083,1228,0,0,1.0000,0
2025-03-26 23:52:38.112,1230,0,0,1.0000,0
2025-03-26 23:52:38.199,1231,0,0,1.0000,0
2025-03-26 23:52:38.279,1232,0,0,1.0000,0
2025-03-26 23:52:38.355,1233,2,2,1.0000,1
2025-03-26 23:52:38.407,1234,0,0,1.0000,0
2025-03-26 23:52:38.447,1235,0,0,1.0000,0
2025-03-26 23:52:38.489,1236,0,0,1.0000,0
2025-03-26 23:52:38.519,1237,0,0,1.0000,0
2025-03-26 23:52:38.547,1238,0,0,1.0000,0
2025-03-26 23:52:38.576,1239,0,0,1.0000,0
2025-03-26 23:52:38.605,1240,0,0,1.0000,0
2025-03-26 23:52:38.634,1241,4,4,1.0000,1
2025-03-26 23:52:38.663,1243,0,0,1.0000,0
2025-03-26 23:52:38.703,1245,4,4,1.0000,1
2025-03-26 23:52:38.744,1249,10,10,1.0000,1
2025-03-26 23:52:38.774,1250,10,10,1.0000,1
2025-03-26 23:52:38.803,1254,0,0,1.0000,0
2025-03-26 23:52:38.831,1257,0,0,1.0000,0
2025-03-26 23:52:38.936,1259,0,0,1.0000,0
2025-03-26 23:52:38.998,1263,0,0,1.0000,0
2025-03-26 23:52:39.028,1265,10,10,1.0000,1
2025-03-26 23:52:39.138,1266,0,0,1.0000,0
2025-03-26 23:52:39.195,1267,2,2,1.0000,1
2025-03-26 23:52:39.225,1269,0,0,1.0000,0
2025-03-26 23:52:39.253,1270,0,0,1.0000,0
2025-03-26 23:52:39.282,1271,10,10,1.0000,1
2025-03-26 23:52:39.312,1272,0,0,1.0000,0
2025-03-26 23:52:39.362,1273,0,0,1.0000,0
2025-03-26 23:52:39.492,1274,0,0,1.0000,0
2025-03-26 23:52:39.570,1275,0,0,1.0000,0
2025-03-26 23:52:39.639,1277,0,0,1.0000,0
2025-03-26 23:52:39.688,1278,4,4,1.0000,1
2025-03-26 23:52:39.719,1279,0,0,1.0000,0
2025-03-26 23:52:39.747,1280,0,0,1.0000,0
2025-03-26 23:52:39.777,1281,4,4,1.0000,1
2025-03-26 23:52:39.807,1282,0,0,1.0000,0
2025-03-26 23:52:39.846,1284,0,0,1.0000,0
2025-03-26 23:52:39.876,1285,4,4,1.0000,1
2025-03-26 23:52:39.905,1286,0,0,1.0000,0
2025-03-26 23:52:39.934,1287,0,0,1.0000,0
2025-03-26 23:52:39.963,1290,0,0,1.0000,0
2025-03-26 23:52:39.992,1292,0,0,1.0000,0
2025-03-26 23:52:40.022,1293,2,2,1.0000,1
2025-03-26 23:52:40.070,1295,0,0,1.0000,0
2025-03-26 23:52:40.121,1296,0,0,1.0000,0
2025-03-26 23:52:40.150,1297,0,0,1.0000,0
2025-03-26 23:52:40.179,1298,0,0,1.0000,0
2025-03-26 23:52:40.219,1300,0,0,1.0000,0
2025-03-26 23:52:40.248,1303,2,2,1.0000,1
2025-03-26 23:52:40.278,1304,0,0,1.0000,0
2025-03-26 23:52:40.307,1306,0,0,1.0000,0
2025-03-26 23:52:40.337,1307,0,0,1.0000,0
2025-03-26 23:52:40.367,1308,4,4,1.0000,1
2025-03-26 23:52:40.396,1310,10,10,1.0000,1
2025-03-26 23:52:40.425,1311,0,0,1.0000,0
2025-03-26 23:52:40.477,1313,0,0,1.0000,0
2025-03-26 23:52:40.587,1314,0,0,1.0000,0
2025-03-26 23:52:40.761,1315,0,0,1.0000,0
2025-03-26 23:52:40.830,1316,0,0,1.0000,0
2025-03-26 23:52:40.898,1317,0,0,1.0000,0
2025-03-26 23:52:40.967,1318,3,3,0.9700,1
2025-03-26 23:52:41.009,1319,0,0,1.0000,0
2025-03-26 23:52:41.039,1322,0,0,1.0000,0
2025-03-26 23:52:41.082,1328,0,0,1.0000,0
2025-03-26 23:52:41.123,1331,0,0,1.0000,0
2025-03-26 23:52:41.153,1334,0,0,1.0000,0
2025-03-26 23:52:41.194,1335,0,0,1.0000,0
2025-03-26 23:52:41.233,1337,0,0,1.0000,0
2025-03-26 23:52:41.264,1338,4,4,1.0000,1
2025-03-26 23:52:41.292,1341,0,0,1.0000,0
2025-03-26 23:52:41.321,1343,0,0,1.0000,0
2025-03-26 23:52:41.350,1346,0,0,1.0000,0
2025-03-26 23:52:41.380,1347,0,0,1.0000,0
2025-03-26 23:52:41.408,1348,0,0,1.0000,0
2025-03-26 23:52:41.437,1349,0,0,1.0000,0
2025-03-26 23:52:41.466,1350,0,0,1.0000,0
2025-03-26 23:52:41.495,1351,0,0,1.0000,0
2025-03-26 23:52:41.525,1352,0,0,1.0000,0
2025-03-26 23:52:41.554,1353,0,0,1.0000,0
2025-03-26 23:52:41.583,1354,0,0,1.0000,0
2025-03-26 23:52:41.627,1355,0,0,1.0000,0
2025-03-26 23:52:41.752,1356,0,0,1.0000,0
2025-03-26 23:52:41.864,1358,0,0,1.0000,0
2025-03-26 23:52:42.043,1359,0,0,1.0000,0
2025-03-26 23:52:42.139,1360,0,0,1.0000,0
2025-03-26 23:52:42.211,1362,0,0,1.0000,0
2025-03-26 23:52:42.261,1363,0,0,1.0000,0
2025-03-26 23:52:42.292,1364,0,0,1.0000,0
2025-03-26 23:52:42.341,1365,0,0,1.0000,0
2025-03-26 23:52:42.385,1366,0,0,1.0000,0
2025-03-26 23:52:42.546,1367,4,4,1.0000,1
2025-03-26 23:52:42.668,1368,0,0,1.0000,0
2025-03-26 23:52:42.785,1369,0,0,1.0000,0
2025-03-26 23:52:42.908,1371,0,0,1.0000,0
2025-03-26 23:52:43.033,1372,0,0,1.0000,0
2025-03-26 23:52:43.078,1373,0,0,1.0000,0
2025-03-26 23:52:43.107,1374,0,0,1.0000,0
2025-03-26 23:52:43.136,1375,0,0,1.0000,0
2025-03-26 23:52:43.165,1376,0,0,1.0000,0
2025-03-26 23:52:43.205,1378,2,2,1.0000,1
2025-03-26 23:52:43.246,1379,0,0,1.0000,0
2025-03-26 23:52:43.361,1380,0,0,1.0000,0
2025-03-26 23:52:43.435,1381,10,10,1.0000,1
2025-03-26 23:52:43.506,1383,0,0,1.0000,0
2025-03-26 23:52:43.537,1387,0,0,1.0000,0
2025-03-26 23:52:43.567,1388,0,0,1.0000,0
2025-03-26 23:52:43.596,1391,0,0,0.9900,0
2025-03-26 23:52:43.626,1392,0,0,1.0000,0
2025-03-26 23:52:43.655,1394,0,0,0.8800,0
2025-03-26 23:52:43.696,1395,0,0,1.0000,0
2025-03-26 23:52:43.725,1396,0,0,1.0000,0
2025-03-26 23:52:43.755,1397,4,4,1.0000,1
2025-03-26 23:52:43.785,1398,0,0,1.0000,0
2025-03-26 23:52:43.815,1399,5,5,1.0000,1
2025-03-26 23:52:43.844,1402,0,0,1.0000,0
2025-03-26 23:52:43.883,1403,0,0,1.0000,0
2025-03-26 23:52:43.914,1404,10,10,1.0000,1
2025-03-26 23:52:43.942,1405,0,0,1.0000,0
2025-03-26 23:52:43.972,1407,0,0,1.0000,0
2025-03-26 23:52:44.012,1411,0,0,1.0000,0
2025-03-26 23:52:44.041,1413,0,0,1.0000,0
2025-03-26 23:52:44.071,1414,0,0,1.0000,0
2025-03-26 23:52:44.110,1417,0,0,1.0000,0
2025-03-26 23:52:44.140,1418,0,0,1.0000,0
2025-03-26 23:52:44.169,1420,3,3,1.0000,1
2025-03-26 23:52:44.209,1421,0,0,1.0000,0
2025-03-26 23:52:44.323,1422,0,0,1.0000,0
2025-03-26 23:52:44.440,1423,4,4,1.0000,1
2025-03-26 23:52:44.590,1424,0,0,1.0000,0
2025-03-26 23:52:44.678,1426,0,0,1.0000,0
2025-03-26 23:52:44.761,1427,0,0,1.0000,0
2025-03-26 23:52:44.811,1430,4,4,1.0000,1
2025-03-26 23:52:44.853,1432,0,0,1.0000,0
2025-03-26 23:52:44.893,1433,0,0,1.0000,0
2025-03-26 23:52:44.935,1434,0,0,1.0000,0
2025-03-26 23:52:44.964,1435,2,2,1.0000,1
2025-03-26 23:52:44.993,1436,0,0,1.0000,0
2025-03-26 23:52:45.023,1437,0,0,1.0000,0
2025-03-26 23:52:45.064,1438,0,0,1.0000,0
2025-03-26 23:52:45.095,1439,0,0,1.0000,0
2025-03-26 23:52:45.136,1440,0,0,1.0000,0
2025-03-26 23:52:45.228,1441,2,2,1.0000,1
2025-03-26 23:52:45.270,1442,0,0,1.0000,0
2025-03-26 23:52:45.299,1443,0,0,1.0000,0
2025-03-26 23:52:45.389,1444,0,0,1.0000,0
2025-03-26 23:52:45.429,1445,0,0,1.0000,0
2025-03-26 23:52:45.459,1446,0,0,1.0000,0
2025-03-26 23:52:45.503,1447,0,0,1.0000,0
2025-03-26 23:52:45.658,1449,0,0,1.0000,0
2025-03-26 23:52:45.781,1450,10,10,0.5900,0
2025-03-26 23:52:45.941,1451,0,0,1.0000,0
2025-03-26 23:52:46.010,1452,0,0,1.0000,0
2025-03-26 23:52:46.086,1453,0,0,1.0000,0
2025-03-26 23:52:46.119,1454,0,0,1.0000,0
2025-03-26 23:52:46.149,1455,2,2,1.0000,1
2025-03-26 23:52:46.200,1456,0,0,1.0000,0
2025-03-26 23:52:46.253,1459,10,10,1.0000,1
2025-03-26 23:52:46.283,1461,0,0,1.0000,0
2025-03-26 23:52:46.312,1463,0,0,1.0000,0
2025-03-26 23:52:46.341,1464,0,0,1.0000,0
2025-03-26 23:52:46.382,1466,0,0,1.0000,0
2025-03-26 23:52:46.411,1468,0,0,1.0000,0
2025-03-26 23:52:46.440,1469,0,0,1.0000,0
2025-03-26 23:52:46.480,1470,0,0,1.0000,0
2025-03-26 23:52:46.510,1471,10,10,1.0000,1
2025-03-26 23:52:46.539,1472,0,0,1.0000,0
2025-03-26 23:52:46.568,1473,10,10,1.0000,1
2025-03-26 23:52:46.596,1474,0,0,1.0000,0
2025-03-26 23:52:46.647,1475,10,10,1.0000,1
2025-03-26 23:52:46.677,1478,0,0,1.0000,0
2025-03-26 23:52:46.706,1479,0,0,1.0000,0
2025-03-26 23:52:46.802,1480,4,4,1.0000,1
2025-03-26 23:52:46.871,1481,0,0,1.0000,0
2025-03-26 23:52:46.900,1482,0,0,1.0000,0
2025-03-26 23:52:46.930,1483,0,0,1.0000,0
2025-03-26 23:52:46.959,1484,0,0,1.0000,0
2025-03-26 23:52:46.988,1485,0,0,1.0000,0
2025-03-26 23:52:47.017,1486,2,2,1.0000,1
2025-03-26 23:52:47.068,1487,0,0,1.0000,0
2025-03-26 23:52:47.099,1488,0,0,1.0000,0
2025-03-26 23:52:47.220,1489,4,4,1.0000,1
2025-03-26 23:52:47.272,1490,0,0,1.0000,0
2025-03-26 23:52:47.342,1492,10,10,1.0000,1
2025-03-26 23:52:47.404,1496,0,0,1.0000,0
2025-03-26 23:52:47.445,1499,0,0,1.0000,0
2025-03-26 23:52:47.497,1501,0,0,1.0000,0
2025-03-26 23:52:47.610,1505,10,10,1.0000,1
2025-03-26 23:52:47.774,1507,0,0,1.0000,0
2025-03-26 23:52:47.934,1508,0,0,1.0000,0
2025-03-26 23:52:48.073,1509,0,0,1.0000,0
2025-03-26 23:52:48.202,1510,0,0,1.0000,0
2025-03-26 23:52:48.282,1514,0,0,1.0000,0
2025-03-26 23:52:48.381,1518,0,0,1.0000,0
2025-03-26 23:52:48.499,1521,0,0,1.0000,0
2025-03-26 23:52:48.574,1524,0,0,1.0000,0
2025-03-26 23:52:48.651,1527,4,4,1.0000,1
2025-03-26 23:52:48.682,1529,0,0,1.0000,0
2025-03-26 23:52:48.711,1530,0,0,1.0000,0
2025-03-26 23:52:48.751,1531,0,0,1.0000,0
2025-03-26 23:52:48.781,1532,0,0,1.0000,0
2025-03-26 23:52:48.823,1533,0,0,1.0000,0
2025-03-26 23:52:48.864,1534,0,0,1.0000,0
2025-03-26 23:52:48.907,1537,0,0,1.0000,0
2025-03-26 23:52:48.947,1539,0,0,1.0000,0
2025-03-26 23:52:48.990,1541,0,0,1.0000,0
2025-03-26 23:52:49.053,1542,0,0,1.0000,0
2025-03-26 23:52:49.086,1544,0,0,1.0000,0
2025-03-26 23:52:49.115,1545,0,0,1.0000,0
2025-03-26 23:52:49.144,1546,0,0,1.0000,0
2025-03-26 23:52:49.174,1547,0,0,1.0000,0
2025-03-26 23:52:49.204,1548,0,0,1.0000,0
2025-03-26 23:52:49.245,1549,0,0,1.0000,0
2025-03-26 23:52:49.286,1550,0,0,1.0000,0
2025-03-26 23:52:49.330,1551,0,0,1.0000,0
2025-03-26 23:52:49.360,1552,0,0,1.0000,0
2025-03-26 23:52:49.390,1553,2,2,1.0000,1
2025-03-26 23:52:49.419,1554,0,0,1.0000,0
2025-03-26 23:52:49.449,1555,0,0,1.0000,0
2025-03-26 23:52:49.479,1556,4,4,1.0000,1
2025-03-26 23:52:49.518,1557,0,0,1.0000,0
2025-03-26 23:52:49.548,1559,4,4,1.0000,1
2025-03-26 23:52:49.602,1560,0,0,1.0000,0
2025-03-26 23:52:49.746,1561,0,0,1.0000,0
2025-03-26 23:52:49.844,1562,1,1,1.0000,1
2025-03-26 23:52:49.923,1563,0,0,1.0000,0
2025-03-26 23:52:49.954,1564,4,4,1.0000,1
2025-03-26 23:52:49.995,1565,4,4,1.0000,1
2025-03-26 23:52:50.024,1570,0,0,1.0000,0
2025-03-26 23:52:50.066,1573,0,0,1.0000,0
2025-03-26 23:52:50.096,1577,0,0,1.0000,0
2025-03-26 23:52:50.126,1579,0,0,0.9900,0
2025-03-26 23:52:50.155,1582,2,2,1.0000,1
2025-03-26 23:52:50.184,1583,0,0,1.0000,0
2025-03-26 23:52:50.214,1584,0,0,1.0000,0
2025-03-26 23:52:50.243,1586,0,0,1.0000,0
2025-03-26 23:52:50.287,1588,0,0,1.0000,0
2025-03-26 23:52:50.435,1589,0,0,1.0000,0
2025-03-26 23:52:50.469,1590,0,0,1.0000,0
2025-03-26 23:52:50.498,1591,0,0,1.0000,0
2025-03-26 23:52:50.528,1593,10,10,1.0000,1
2025-03-26 23:52:50.556,1594,0,0,1.0000,0
2025-03-26 23:52:50.585,1595,0,0,1.0000,0
2025-03-26 23:52:50.614,1597,0,0,1.0000,0
2025-03-26 23:52:50.643,1599,0,0,1.0000,0
2025-03-26 23:52:50.693,1600,0,0,1.0000,0
2025-03-26 23:52:50.733,1601,0,0,1.0000,0
2025-03-26 23:52:50.774,1602,0,0,1.0000,0
2025-03-26 23:52:50.816,1604,0,0,1.0000,0
2025-03-26 23:52:50.845,1606,0,0,1.0000,0
2025-03-26 23:52:50.898,1611,0,0,1.0000,0
2025-03-26 23:52:50.990,1615,0,0,1.0000,0
2025-03-26 23:52:51.109,1617,0,0,1.0000,0
2025-03-26 23:52:51.180,1618,4,4,1.0000,1
2025-03-26 23:52:51.234,1620,4,4,1.0000,1
2025-03-26 23:52:51.285,1622,0,0,1.0000,0
2025-03-26 23:52:51.315,1623,0,0,1.0000,0
2025-03-26 23:52:51.427,1625,0,0,1.0000,0
2025-03-26 23:52:51.586,1627,0,0,1.0000,0
2025-03-26 23:52:51.679,1628,0,0,1.0000,0
2025-03-26 23:52:51.709,1629,0,0,1.0000,0
2025-03-26 23:52:51.749,1630,0,0,1.0000,0
2025-03-26 23:52:51.780,1631,0,0,1.0000,0
2025-03-26 23:52:51.809,1632,0,0,1.0000,0
2025-03-26 23:52:51.850,1633,0,0,1.0000,0
2025-03-26 23:52:51.895,1634,0,0,1.0000,0
2025-03-26 23:52:51.988,1635,0,0,1.0000,0
2025-03-26 23:52:52.065,1638,0,0,1.0000,0
2025-03-26 23:52:52.095,1639,0,0,1.0000,0
2025-03-26 23:52:52.137,1640,0,0,1.0000,0
2025-03-26 23:52:52.189,1642,0,0,1.0000,0
2025-03-26 23:52:52.219,1643,0,0,1.0000,0
2025-03-26 23:52:52.338,1644,10,10,1.0000,1
2025-03-26 23:52:52.404,1647,10,10,1.0000,1
2025-03-26 23:52:52.478,1648,0,0,1.0000,0
2025-03-26 23:52:52.509,1649,4,4,1.0000,1
2025-03-26 23:52:52.539,1650,0,0,1.0000,0
2025-03-26 23:52:52.579,1651,0,0,1.0000,0
2025-03-26 23:52:52.687,1652,0,0,1.0000,0
2025-03-26 23:52:52.763,1654,0,0,1.0000,0
2025-03-26 23:52:52.820,1657,0,0,1.0000,0
2025-03-26 23:52:52.979,1658,0,0,1.0000,0
2025-03-26 23:52:53.090,1661,4,4,1.0000,1
2025-03-26 23:52:53.134,1662,0,0,1.0000,0
2025-03-26 23:52:53.175,1665,0,0,1.0000,0
2025-03-26 23:52:53.204,1666,0,0,1.0000,0
2025-03-26 23:52:53.233,1667,0,0,1.0000,0
2025-03-26 23:52:53.263,1668,0,0,1.0000,0
2025-03-26 23:52:53.293,1671,0,0,1.0000,0
2025-03-26 23:52:53.322,1674,0,0,1.0000,0
2025-03-26 23:52:53.351,1677,10,10,1.0000,1
2025-03-26 23:52:53.391,1680,4,4,1.0000,1
2025-03-26 23:52:53.432,1683,0,0,1.0000,0
2025-03-26 23:52:53.484,1685,0,0,1.0000,0
2025-03-26 23:52:53.603,1688,0,0,1.0000,0
2025-03-26 23:52:53.681,1691,0,0,0.9900,0
2025-03-26 23:52:53.753,1693,0,0,1.0000,0
2025-03-26 23:52:53.785,1696,0,0,1.0000,0
2025-03-26 23:52:53.814,1698,0,0,1.0000,0
2025-03-26 23:52:53.843,1699,0,0,0.9900,0
2025-03-26 23:52:53.873,1700,0,0,1.0000,0
2025-03-26 23:52:53.984,1701,0,0,1.0000,0
2025-03-26 23:52:54.103,1702,0,0,1.0000,0
2025-03-26 23:52:54.180,1703,0,0,1.0000,0
2025-03-26 23:52:54.208,1704,0,0,1.0000,0
2025-03-26 23:52:54.238,1707,0,0,1.0000,0
2025-03-26 23:52:54.278,1708,0,0,1.0000,0
2025-03-26 23:52:54.318,1710,0,0,1.0000,0
2025-03-26 23:52:54.360,1711,0,0,1.0000,0
2025-03-26 23:52:54.411,1712,10,10,1.0000,1
2025-03-26 23:52:54.441,1713,0,0,1.0000,0
2025-03-26 23:52:54.470,1714,0,0,1.0000,0
2025-03-26 23:52:54.499,1715,0,0,1.0000,0
2025-03-26 23:52:54.528,1716,0,0,1.0000,0
2025-03-26 23:52:54.557,1717,0,0,1.0000,0
2025-03-26 23:52:54.586,1720,0,0,1.0000,0
2025-03-26 23:52:54.615,1721,0,0,1.0000,0
2025-03-26 23:52:54.656,1722,0,0,1.0000,0
2025-03-26 23:52:54.685,1724,0,0,1.0000,0
2025-03-26 23:52:54.715,1726,0,0,1.0000,0
2025-03-26 23:52:54.744,1727,0,0,1.0000,0
2025-03-26 23:52:54.823,1728,0,0,1.0000,0
2025-03-26 23:52:54.910,1730,0,0,1.0000,0
2025-03-26 23:52:54.983,1731,0,0,1.0000,0
2025-03-26 23:52:55.033,1733,0,0,1.0000,0
2025-03-26 23:52:55.062,1737,0,0,1.0000,0
2025-03-26 23:52:55.091,1740,0,0,1.0000,0
2025-03-26 23:52:55.120,1741,0,0,1.0000,0
2025-03-26 23:52:55.149,1742,10,10,1.0000,1
2025-03-26 23:52:55.179,1743,0,0,1.0000,0
2025-03-26 23:52:55.208,1744,0,0,1.0000,0
2025-03-26 23:52:55.236,1745,0,0,1.0000,0
2025-03-26 23:52:55.275,1746,10,10,1.0000,1
2025-03-26 23:52:55.306,1747,0,0,1.0000,0
2025-03-26 23:52:55.336,1748,4,4,1.0000,1
2025-03-26 23:52:55.366,1749,0,0,1.0000,0
2025-03-26 23:52:55.396,1750,0,0,1.0000,0
2025-03-26 23:52:55.425,1751,0,0,1.0000,0
2025-03-26 23:52:55.455,1757,0,0,1.0000,0
2025-03-26 23:52:55.483,1758,4,4,1.0000,1
2025-03-26 23:52:55.513,1759,0,0,1.0000,0
2025-03-26 23:52:55.542,1760,0,0,1.0000,0
2025-03-26 23:52:55.585,1761,0,0,1.0000,0
2025-03-26 23:52:55.741,1762,0,0,1.0000,0
2025-03-26 23:52:55.899,1764,0,0,1.0000,0
2025-03-26 23:52:56.023,1765,0,0,1.0000,0
2025-03-26 23:52:56.149,1767,0,0,1.0000,0
2025-03-26 23:52:56.217,1768,0,0,1.0000,0
2025-03-26 23:52:56.287,1770,0,0,1.0000,0
2025-03-26 23:52:56.346,1771,10,10,1.0000,1
2025-03-26 23:52:56.375,1772,0,0,1.0000,0
2025-03-26 23:52:56.405,1773,0,0,1.0000,0
2025-03-26 23:52:56.455,1775,0,0,1.0000,0
2025-03-26 23:52:56.507,1777,10,10,1.0000,1
2025-03-26 23:52:56.560,1779,10,10,1.0000,1
2025-03-26 23:52:56.640,1780,0,0,1.0000,0
2025-03-26 23:52:56.670,1782,0,0,1.0000,0
2025-03-26 23:52:56.698,1783,0,0,1.0000,0
2025-03-26 23:52:56.737,1784,0,0,1.0000,0
2025-03-26 23:52:56.767,1789,0,0,1.0000,0
2025-03-26 23:52:56.796,1791,0,0,1.0000,0
2025-03-26 23:52:56.836,1792,0,0,1.0000,0
2025-03-26 23:52:56.941,1794,0,0,1.0000,0
2025-03-26 23:52:57.061,1795,0,0,1.0000,0
2025-03-26 23:52:57.116,1796,0,0,1.0000,0
2025-03-26 23:52:57.158,1797,10,10,1.0000,1
2025-03-26 23:52:57.201,1798,0,0,1.0000,0
2025-03-26 23:52:57.232,1801,0,0,1.0000,0
2025-03-26 23:52:57.262,1803,0,0,1.0000,0
2025-03-26 23:52:57.291,1804,2,2,1.0000,1
2025-03-26 23:52:57.320,1805,2,2,1.0000,1
2025-03-26 23:52:57.433,1807,0,0,1.0000,0
2025-03-26 23:52:57.505,1808,0,0,1.0000,0
2025-03-26 23:52:57.573,1811,2,2,1.0000,1
2025-03-26 23:52:57.615,1813,0,0,1.0000,0
2025-03-26 23:52:57.645,1815,4,4,1.0000,1
2025-03-26 23:52:57.748,1816,0,0,1.0000,0
2025-03-26 23:52:57.837,1817,0,0,1.0000,0
2025-03-26 23:52:57.952,1818,4,4,1.0000,1
2025-03-26 23:52:58.079,1821,0,0,1.0000,0
2025-03-26 23:52:58.122,1823,0,0,1.0000,0
2025-03-26 23:52:58.151,1827,0,0,1.0000,0
2025-03-26 23:52:58.203,1831,0,0,1.0000,0
2025-03-26 23:52:58.257,1834,0,0,1.0000,0
2025-03-26 23:52:58.351,1836,0,0,1.0000,0
2025-03-26 23:52:58.394,1837,10,10,1.0000,1
2025-03-26 23:52:58.423,1838,0,0,1.0000,0
2025-03-26 23:52:58.452,1839,0,0,1.0000,0
2025-03-26 23:52:58.493,1840,0,0,1.0000,0
2025-03-26 23:52:58.523,1841,0,0,1.0000,0
2025-03-26 23:52:58.552,1842,5,5,1.0000,1
2025-03-26 23:52:58.631,1843,0,0,1.0000,0
2025-03-26 23:52:58.720,1844,0,0,1.0000,0
2025-03-26 23:52:58.792,1845,0,0,1.0000,0
2025-03-26 23:52:58.852,1847,0,0,1.0000,0
2025-03-26 23:52:58.893,1850,0,0,1.0000,0
2025-03-26 23:52:58.922,1852,10,10,1.0000,1
2025-03-26 23:52:58.952,1855,0,0,1.0000,0
2025-03-26 23:52:58.982,1856,0,0,1.0000,0
2025-03-26 23:52:59.011,1857,0,0,1.0000,0
2025-03-26 23:52:59.072,1859,0,0,0.9800,0
2025-03-26 23:52:59.104,1860,4,4,1.0000,1
2025-03-26 23:52:59.132,1862,0,0,1.0000,0
2025-03-26 23:52:59.161,1865,0,0,1.0000,0
2025-03-26 23:52:59.200,1867,4,4,1.0000,1
2025-03-26 23:52:59.231,1868,10,10,1.0000,1
2025-03-26 23:52:59.261,1869,4,4,1.0000,1
2025-03-26 23:52:59.344,1871,0,0,1.0000,0
2025-03-26 23:52:59.385,1873,0,0,1.0000,0
2025-03-26 23:52:59.426,1874,0,0,1.0000,0
2025-03-26 23:52:59.455,1876,0,0,1.0000,0
2025-03-26 23:52:59.484,1877,0,0,1.0000,0
2025-03-26 23:52:59.513,1878,0,0,1.0000,0
2025-03-26 23:52:59.554,1879,0,0,1.0000,0
2025-03-26 23:52:59.583,1880,4,4,1.0000,1
2025-03-26 23:52:59.612,1881,0,0,1.0000,0
2025-03-26 23:52:59.665,1882,0,0,1.0000,0
2025-03-26 23:52:59.695,1883,0,0,1.0000,0
2025-03-26 23:52:59.736,1884,0,0,1.0000,0
2025-03-26 23:52:59.765,1885,4,4,1.0000,1
2025-03-26 23:52:59.793,1886,0,0,1.0000,0
2025-03-26 23:52:59.822,1887,6,6,0.9500,1
2025-03-26 23:52:59.910,1888,0,0,1.0000,0
2025-03-26 23:52:59.993,1889,0,0,1.0000,0
2025-03-26 23:53:00.075,1892,0,0,1.0000,0
2025-03-26 23:53:00.133,1893,0,0,1.0000,0
2025-03-26 23:53:00.163,1894,0,0,1.0000,0
2025-03-26 23:53:00.192,1895,0,0,1.0000,0
2025-03-26 23:53:00.232,1896,0,0,1.0000,0
2025-03-26 23:53:00.275,1897,0,0,1.0000,0
2025-03-26 23:53:00.305,1898,4,4,1.0000,1
2025-03-26 23:53:00.347,1899,0,0,1.0000,0
2025-03-26 23:53:00.399,1900,0,0,1.0000,0
2025-03-26 23:53:00.430,1901,0,0,1.0000,0
2025-03-26 23:53:00.460,1902,2,2,1.0000,1
2025-03-26 23:53:00.527,1903,0,0,1.0000,0
2025-03-26 23:53:00.557,1904,0,0,1.0000,0
2025-03-26 23:53:00.588,1905,4,4,1.0000,1
2025-03-26 23:53:00.616,1906,0,0,1.0000,0
2025-03-26 23:53:00.646,1907,0,0,1.0000,0
2025-03-26 23:53:00.675,1908,4,4,1.0000,1
2025-03-26 23:53:00.715,1909,0,0,1.0000,0
2025-03-26 23:53:00.767,1910,0,0,1.0000,0
2025-03-26 23:53:00.874,1911,0,0,1.0000,0
2025-03-26 23:53:00.981,1914,4,4,1.0000,1
2025-03-26 23:53:01.038,1917,2,2,1.0000,1
2025-03-26 23:53:01.068,1919,0,0,1.0000,0
2025-03-26 23:53:01.218,1922,0,0,1.0000,0
2025-03-26 23:53:01.307,1924,0,0,1.0000,0
2025-03-26 23:53:01.391,1926,10,10,1.0000,1
2025-03-26 23:53:01.442,1928,0,0,1.0000,0
2025-03-26 23:53:01.483,1929,0,0,1.0000,0
2025-03-26 23:53:01.528,1930,0,0,1.0000,0
2025-03-26 23:53:01.670,1932,4,4,1.0000,1
2025-03-26 23:53:01.725,1934,0,0,1.0000,0
2025-03-26 23:53:01.757,1935,10,10,1.0000,1
2025-03-26 23:53:01.785,1938,0,0,1.0000,0
2025-03-26 23:53:01.830,1939,0,0,1.0000,0
2025-03-26 23:53:01.994,1940,0,0,1.0000,0
2025-03-26 23:53:02.088,1941,0,0,1.0000,0
2025-03-26 23:53:02.128,1942,0,0,1.0000,0
2025-03-26 23:53:02.158,1943,0,0,1.0000,0
2025-03-26 23:53:02.187,1944,2,2,1.0000,1
2025-03-26 23:53:02.215,1945,0,0,1.0000,0
2025-03-26 23:53:02.272,1948,4,4,1.0000,1
2025-03-26 23:53:02.370,1950,0,0,1.0000,0
2025-03-26 23:53:02.400,1951,0,0,1.0000,0
2025-03-26 23:53:02.428,1952,0,0,1.0000,0
2025-03-26 23:53:02.549,1953,0,0,1.0000,0
2025-03-26 23:53:02.598,1955,0,0,1.0000,0
2025-03-26 23:53:02.670,1956,0,0,1.0000,0
2025-03-26 23:53:02.732,1957,0,0,0.9900,0
2025-03-26 23:53:02.763,1958,0,0,1.0000,0
2025-03-26 23:53:02.803,1960,0,0,1.0000,0
2025-03-26 23:53:02.833,1963,4,4,1.0000,1
2025-03-26 23:53:02.861,1964,0,0,1.0000,0
2025-03-26 23:53:02.891,1966,4,4,1.0000,1
2025-03-26 23:53:02.921,1969,0,0,1.0000,0
2025-03-26 23:53:02.951,1972,0,0,1.0000,0
2025-03-26 23:53:02.993,1975,0,0,0.9900,0
2025-03-26 23:53:03.023,1978,0,0,1.0000,0
2025-03-26 23:53:03.064,1979,0,0,1.0000,0
2025-03-26 23:53:03.115,1980,0,0,1.0000,0
2025-03-26 23:53:03.145,1982,10,10,1.0000,1
2025-03-26 23:53:03.175,1983,4,4,1.0000,1
2025-03-26 23:53:03.203,1985,4,4,1.0000,1
2025-03-26 23:53:03.244,1986,0,0,1.0000,0
2025-03-26 23:53:03.350,1987,0,0,1.0000,0
2025-03-26 23:53:03.395,1988,4,4,1.0000,1
2025-03-26 23:53:03.424,1989,0,0,1.0000,0
2025-03-26 23:53:03.536,1990,0,0,1.0000,0
2025-03-26 23:53:03.705,1991,0,0,1.0000,0
2025-03-26 23:53:03.875,1993,0,0,1.0000,0
2025-03-26 23:53:03.959,1996,0,0,1.0000,0
2025-03-26 23:53:04.019,1998,0,0,1.0000,0
2025-03-26 23:53:04.062,1999,0,0,1.0000,0
2025-03-26 23:53:04.091,2000,4,4,0.9992,1
2025-03-26 23:53:04.131,2002,0,0,1.0000,0
2025-03-26 23:53:04.161,2003,0,0,1.0000,0
2025-03-26 23:53:04.190,2004,10,10,1.0000,1
2025-03-26 23:53:04.280,2005,0,0,1.0000,0
2025-03-26 23:53:04.332,2007,0,0,1.0000,0
2025-03-26 23:53:04.362,2008,0,0,1.0000,0
2025-03-26 23:53:04.393,2009,0,0,1.0000,0
2025-03-26 23:53:04.421,2010,4,4,1.0000,1
2025-03-26 23:53:04.450,2011,0,0,1.0000,0
2025-03-26 23:53:04.479,2012,0,0,1.0000,0
2025-03-26 23:53:04.508,2013,0,0,1.0000,0
2025-03-26 23:53:04.536,2016,0,0,1.0000,0
2025-03-26 23:53:04.565,2018,0,0,1.0000,0
2025-03-26 23:53:04.594,2020,0,0,1.0000,0
2025-03-26 23:53:04.623,2022,0,0,1.0000,0
2025-03-26 23:53:04.652,2023,10,10,1.0000,1
2025-03-26 23:53:04.681,2024,0,0,1.0000,0
2025-03-26 23:53:04.711,2025,4,4,1.0000,1
2025-03-26 23:53:04.808,2026,0,0,1.0000,0
2025-03-26 23:53:04.850,2027,4,4,1.0000,1
2025-03-26 23:53:04.881,2028,0,0,1.0000,0
2025-03-26 23:53:04.922,2029,0,0,1.0000,0
2025-03-26 23:53:04.963,2031,0,0,1.0000,0
2025-03-26 23:53:04.993,2032,0,0,1.0000,0
2025-03-26 23:53:05.111,2033,0,0,1.0000,0
2025-03-26 23:53:05.184,2034,0,0,1.0000,0
2025-03-26 23:53:05.238,2036,0,0,1.0000,0
2025-03-26 23:53:05.294,2038,0,0,1.0000,0
2025-03-26 23:53:05.324,2042,0,0,1.0000,0
2025-03-26 23:53:05.364,2044,0,0,1.0000,0
2025-03-26 23:53:05.395,2046,0,0,1.0000,0
2025-03-26 23:53:05.435,2048,0,0,1.0000,0
2025-03-26 23:53:05.465,2049,0,0,1.0000,0
2025-03-26 23:53:05.495,2051,0,0,1.0000,0
2025-03-26 23:53:05.524,2053,0,0,1.0000,0
2025-03-26 23:53:05.564,2055,0,0,1.0000,0
2025-03-26 23:53:05.668,2057,4,4,1.0000,1
2025-03-26 23:53:05.793,2058,4,4,1.0000,1
2025-03-26 23:53:05.914,2059,2,2,1.0000,1
2025-03-26 23:53:06.034,2060,0,0,1.0000,0
2025-03-26 23:53:06.150,2061,0,0,1.0000,0
2025-03-26 23:53:06.231,2062,0,0,1.0000,0
2025-03-26 23:53:06.260,2063,0,0,1.0000,0
2025-03-26 23:53:06.351,2064,0,0,1.0000,0
2025-03-26 23:53:06.445,2065,4,4,1.0000,1
2025-03-26 23:53:06.522,2066,0,0,1.0000,0
2025-03-26 23:53:06.563,2068,0,0,1.0000,0
2025-03-26 23:53:06.592,2070,0,0,1.0000,0
2025-03-26 23:53:06.622,2073,0,0,1.0000,0
2025-03-26 23:53:06.651,2076,0,0,1.0000,0
2025-03-26 23:53:06.681,2078,0,0,1.0000,0
2025-03-26 23:53:06.711,2080,0,0,1.0000,0
2025-03-26 23:53:06.755,2082,0,0,1.0000,0
2025-03-26 23:53:06.838,2084,0,0,1.0000,0
2025-03-26 23:53:06.869,2086,0,0,1.0000,0
2025-03-26 23:53:06.899,2088,0,0,1.0000,0
2025-03-26 23:53:06.928,2090,0,0,1.0000,0
2025-03-26 23:53:06.968,2094,0,0,0.9400,0
2025-03-26 23:53:06.997,2095,0,0,1.0000,0
2025-03-26 23:53:07.052,2096,0,0,1.0000,0
2025-03-26 23:53:07.206,2097,0,0,1.0000,0
2025-03-26 23:53:07.283,2098,0,0,1.0000,0
2025-03-26 23:53:07.326,2102,0,0,1.0000,0
2025-03-26 23:53:07.368,2104,0,0,1.0000,0
2025-03-26 23:53:07.396,2105,0,0,1.0000,0
2025-03-26 23:53:07.425,2106,0,0,1.0000,0
2025-03-26 23:53:07.466,2107,0,0,0.9900,0
2025-03-26 23:53:07.506,2108,0,0,1.0000,0
2025-03-26 23:53:07.604,2110,10,10,1.0000,1
2025-03-26 23:53:07.686,2113,0,0,1.0000,0
2025-03-26 23:53:07.758,2114,0,0,1.0000,0
2025-03-26 23:53:07.820,2115,0,0,1.0000,0
2025-03-26 23:53:07.851,2117,4,4,1.0000,1
2025-03-26 23:53:07.881,2118,0,0,1.0000,0
2025-03-26 23:53:07.911,2120,0,0,1.0000,0
2025-03-26 23:53:07.940,2122,0,0,1.0000,0
2025-03-26 23:53:07.970,2123,0,0,1.0000,0
2025-03-26 23:53:08.000,2124,2,2,1.0000,1
2025-03-26 23:53:08.029,2125,10,10,1.0000,1
2025-03-26 23:53:08.059,2126,0,0,1.0000,0
2025-03-26 23:53:08.089,2127,0,0,1.0000,0
2025-03-26 23:53:08.118,2128,0,0,1.0000,0
2025-03-26 23:53:08.222,2129,2,2,1.0000,1
2025-03-26 23:53:08.314,2130,0,0,1.0000,0
2025-03-26 23:53:08.421,2131,4,4,1.0000,1
2025-03-26 23:53:08.452,2132,0,0,1.0000,0
2025-03-26 23:53:08.482,2133,0,0,1.0000,0
2025-03-26 23:53:08.511,2134,0,0,1.0000,0
2025-03-26 23:53:08.539,2136,0,0,1.0000,0
2025-03-26 23:53:08.569,2137,2,2,1.0000,1
2025-03-26 23:53:08.597,2138,0,0,1.0000,0
2025-03-26 23:53:08.626,2141,0,0,1.0000,0
2025-03-26 23:53:08.668,2143,0,0,0.8700,0
2025-03-26 23:53:08.720,2144,0,0,1.0000,0
2025-03-26 23:53:08.751,2148,0,0,1.0000,0
2025-03-26 23:53:08.791,2152,0,0,1.0000,0
2025-03-26 23:53:08.871,2156,0,0,1.0000,0
2025-03-26 23:53:08.962,2159,10,10,1.0000,1
2025-03-26 23:53:09.056,2161,0,0,1.0000,0
2025-03-26 23:53:09.118,2162,0,0,1.0000,0
2025-03-26 23:53:09.170,2163,0,0,1.0000,0
2025-03-26 23:53:09.223,2164,0,0,1.0000,0
2025-03-26 23:53:09.264,2165,0,0,1.0000,0
2025-03-26 23:53:09.295,2166,0,0,1.0000,0
2025-03-26 23:53:09.323,2168,0,0,1.0000,0
2025-03-26 23:53:09.352,2169,4,4,1.0000,1
2025-03-26 23:53:09.382,2171,0,0,1.0000,0
2025-03-26 23:53:09.422,2172,0,0,1.0000,0
2025-03-26 23:53:09.474,2173,4,4,1.0000,1
2025-03-26 23:53:09.505,2174,4,4,1.0000,1
2025-03-26 23:53:09.546,2175,0,0,1.0000,0
2025-03-26 23:53:09.575,2176,0,0,1.0000,0
2025-03-26 23:53:09.604,2177,0,0,1.0000,0
2025-03-26 23:53:09.643,2178,0,0,1.0000,0
2025-03-26 23:53:09.685,2179,2,2,1.0000,1
2025-03-26 23:53:09.714,2180,4,4,1.0000,1
2025-03-26 23:53:09.745,2181,4,4,1.0000,1
2025-03-26 23:53:09.786,2182,2,2,1.0000,1
2025-03-26 23:53:09.826,2183,0,0,1.0000,0
2025-03-26 23:53:09.868,2184,0,0,1.0000,0
2025-03-26 23:53:09.910,2185,0,0,1.0000,0
2025-03-26 23:53:09.940,2186,0,0,1.0000,0
2025-03-26 23:53:09.968,2188,0,0,1.0000,0
2025-03-26 23:53:10.008,2189,0,0,1.0000,0
2025-03-26 23:53:10.050,2190,0,0,1.0000,0
2025-03-26 23:53:10.092,2192,0,0,1.0000,0
2025-03-26 23:53:10.173,2194,0,0,1.0000,0
2025-03-26 23:53:10.259,2196,0,0,1.0000,0
2025-03-26 23:53:10.332,2197,0,0,1.0000,0
2025-03-26 23:53:10.393,2198,4,4,1.0000,1
2025-03-26 23:53:10.434,2199,0,0,0.9900,0
2025-03-26 23:53:10.463,2200,0,0,1.0000,0
2025-03-26 23:53:10.492,2202,0,0,1.0000,0
2025-03-26 23:53:10.521,2203,0,0,1.0000,0
2025-03-26 23:53:10.633,2204,0,0,1.0000,0
2025-03-26 23:53:10.790,2205,0,0,1.0000,0
2025-03-26 23:53:10.903,2206,4,4,1.0000,1
2025-03-26 23:53:10.959,2208,4,4,1.0000,1
2025-03-26 23:53:11.109,2211,0,0,1.0000,0
2025-03-26 23:53:11.228,2214,3,3,1.0000,1
2025-03-26 23:53:11.319,2218,0,0,1.0000,0
2025-03-26 23:53:11.350,2221,0,0,1.0000,0
2025-03-26 23:53:11.396,2224,4,4,1.0000,1
2025-03-26 23:53:11.510,2225,0,0,1.0000,0
2025-03-26 23:53:11.581,2229,0,0,1.0000,0
2025-03-26 23:53:11.655,2231,0,0,1.0000,0
2025-03-26 23:53:11.698,2233,0,0,1.0000,0
2025-03-26 23:53:11.726,2234,4,4,1.0000,1
2025-03-26 23:53:11.756,2236,2,2,0.9200,1
2025-03-26 23:53:11.786,2237,0,0,1.0000,0
2025-03-26 23:53:11.816,2238,0,0,1.0000,0
2025-03-26 23:53:11.846,2239,0,0,1.0000,0
2025-03-26 23:53:11.875,2240,0,0,1.0000,0
2025-03-26 23:53:11.905,2241,0,0,1.0000,0
2025-03-26 23:53:11.944,2243,4,4,0.9600,1
2025-03-26 23:53:11.974,2245,2,2,1.0000,1
2025-03-26 23:53:12.003,2246,0,0,1.0000,0
2025-03-26 23:53:12.110,2247,0,0,1.0000,0
2025-03-26 23:53:12.233,2248,0,0,1.0000,0
2025-03-26 23:53:12.325,2249,0,0,1.0000,0
2025-03-26 23:53:12.442,2250,0,0,1.0000,0
2025-03-26 23:53:12.483,2256,0,0,1.0000,0
2025-03-26 23:53:12.512,2259,0,0,1.0000,0
2025-03-26 23:53:12.541,2261,0,0,1.0000,0
2025-03-26 23:53:12.593,2263,4,4,1.0000,1
2025-03-26 23:53:12.645,2264,0,0,1.0000,0
2025-03-26 23:53:12.739,2265,0,0,1.0000,0
2025-03-26 23:53:12.819,2267,2,2,1.0000,1
2025-03-26 23:53:12.891,2268,0,0,1.0000,0
2025-03-26 23:53:12.941,2271,10,10,1.0000,1
2025-03-26 23:53:12.970,2274,0,0,1.0000,0
2025-03-26 23:53:13.000,2276,0,0,1.0000,0
2025-03-26 23:53:13.029,2278,0,0,1.0000,0
2025-03-26 23:53:13.059,2280,0,0,1.0000,0
2025-03-26 23:53:13.088,2281,0,0,1.0000,0
2025-03-26 23:53:13.117,2282,0,0,1.0000,0
2025-03-26 23:53:13.146,2283,0,0,1.0000,0
2025-03-26 23:53:13.176,2284,0,0,1.0000,0
2025-03-26 23:53:13.205,2285,0,0,1.0000,0
2025-03-26 23:53:13.235,2286,0,0,1.0000,0
2025-03-26 23:53:13.264,2287,0,0,1.0000,0
2025-03-26 23:53:13.293,2288,0,0,1.0000,0
2025-03-26 23:53:13.403,2289,0,0,1.0000,0
2025-03-26 23:53:13.522,2290,0,0,1.0000,0
2025-03-26 23:53:13.681,2294,0,0,1.0000,0
2025-03-26 23:53:13.731,2298,0,0,1.0000,0
2025-03-26 23:53:13.760,2299,0,0,1.0000,0
2025-03-26 23:53:13.789,2301,0,0,1.0000,0
2025-03-26 23:53:13.819,2302,0,0,1.0000,0
2025-03-26 23:53:13.863,2303,0,0,1.0000,0
2025-03-26 23:53:13.921,2304,0,0,1.0000,0
2025-03-26 23:53:14.051,2305,0,0,1.0000,0
2025-03-26 23:53:14.130,2306,0,0,1.0000,0
2025-03-26 23:53:14.227,2307,0,0,1.0000,0
2025-03-26 23:53:14.284,2308,0,0,1.0000,0
2025-03-26 23:53:14.314,2309,2,2,1.0000,1
2025-03-26 23:53:14.354,2310,4,4,1.0000,1
2025-03-26 23:53:14.385,2312,0,0,1.0000,0
2025-03-26 23:53:14.437,2315,0,0,1.0000,0
2025-03-26 23:53:14.469,2318,0,0,1.0000,0
2025-03-26 23:53:14.510,2319,0,0,1.0000,0
2025-03-26 23:53:14.540,2322,0,0,1.0000,0
2025-03-26 23:53:14.582,2324,0,0,1.0000,0
2025-03-26 23:53:14.612,2325,12,12,0.9600,1
2025-03-26 23:53:14.662,2327,0,0,1.0000,0
2025-03-26 23:53:14.693,2328,0,0,1.0000,0
2025-03-26 23:53:14.734,2329,0,0,1.0000,0
2025-03-26 23:53:14.843,2330,0,0,1.0000,0
2025-03-26 23:53:14.892,2331,4,4,1.0000,1
2025-03-26 23:53:14.943,2333,0,0,1.0000,0
2025-03-26 23:53:14.974,2334,0,0,1.0000,0
2025-03-26 23:53:15.005,2335,0,0,1.0000,0
2025-03-26 23:53:15.045,2336,0,0,1.0000,0
2025-03-26 23:53:15.098,2337,0,0,1.0000,0
2025-03-26 23:53:15.150,2338,0,0,1.0000,0
2025-03-26 23:53:15.192,2339,0,0,1.0000,0
2025-03-26 23:53:15.222,2340,0,0,1.0000,0
2025-03-26 23:53:15.251,2341,0,0,1.0000,0
2025-03-26 23:53:15.380,2342,0,0,1.0000,0
2025-03-26 23:53:15.455,2344,0,0,1.0000,0
2025-03-26 23:53:15.523,2346,0,0,1.0000,0
2025-03-26 23:53:15.570,2347,0,0,1.0000,0
2025-03-26 23:53:15.599,2348,0,0,1.0000,0
2025-03-26 23:53:15.629,2349,4,4,1.0000,1
2025-03-26 23:53:15.670,2350,4,4,1.0000,1
2025-03-26 23:53:15.721,2351,0,0,1.0000,0
2025-03-26 23:53:15.764,2352,0,0,1.0000,0
2025-03-26 23:53:15.794,2353,4,4,1.0000,1
2025-03-26 23:53:15.833,2355,0,0,1.0000,0
2025-03-26 23:53:15.863,2357,0,0,1.0000,0
2025-03-26 23:53:15.892,2359,0,0,1.0000,0
2025-03-26 23:53:15.922,2360,0,0,1.0000,0
2025-03-26 23:53:15.953,2362,0,0,1.0000,0
2025-03-26 23:53:15.993,2363,0,0,1.0000,0
2025-03-26 23:53:16.035,2364,0,0,1.0000,0
2025-03-26 23:53:16.065,2366,0,0,1.0000,0
2025-03-26 23:53:16.116,2370,0,0,1.0000,0
2025-03-26 23:53:16.147,2374,0,0,1.0000,0
2025-03-26 23:53:16.199,2375,0,0,1.0000,0
2025-03-26 23:53:16.230,2378,0,0,1.0000,0
2025-03-26 23:53:16.260,2381,0,0,1.0000,0
2025-03-26 23:53:16.301,2383,0,0,1.0000,0
2025-03-26 23:53:16.354,2385,2,2,1.0000,1
2025-03-26 23:53:16.386,2386,0,0,1.0000,0
2025-03-26 23:53:16.416,2388,0,0,1.0000,0
2025-03-26 23:53:16.457,2390,4,4,1.0000,1
2025-03-26 23:53:16.489,2393,0,0,1.0000,0
2025-03-26 23:53:16.519,2394,0,0,1.0000,0
2025-03-26 23:53:16.547,2395,0,0,1.0000,0
2025-03-26 23:53:16.705,2396,2,2,1.0000,1
2025-03-26 23:53:16.757,2397,0,0,1.0000,0
2025-03-26 23:53:16.826,2398,0,0,1.0000,0
2025-03-26 23:53:16.886,2399,0,0,1.0000,0
2025-03-26 23:53:16.928,2400,0,0,1.0000,0
2025-03-26 23:53:16.958,2401,2,2,1.0000,1
2025-03-26 23:53:16.987,2402,0,0,1.0000,0
2025-03-26 23:53:17.017,2403,0,0,1.0000,0
2025-03-26 23:53:17.059,2404,4,4,1.0000,1
2025-03-26 23:53:17.088,2406,0,0,1.0000,0
2025-03-26 23:53:17.118,2409,0,0,1.0000,0
2025-03-26 23:53:17.148,2412,0,0,1.0000,0
2025-03-26 23:53:17.177,2415,0,0,1.0000,0
2025-03-26 23:53:17.217,2417,10,10,1.0000,1
2025-03-26 23:53:17.248,2418,0,0,1.0000,0
2025-03-26 23:53:17.288,2419,0,0,1.0000,0
2025-03-26 23:53:17.319,2422,0,0,1.0000,0
2025-03-26 23:53:17.348,2423,0,0,1.0000,0
2025-03-26 23:53:17.378,2426,10,10,1.0000,1
2025-03-26 23:53:17.408,2428,0,0,1.0000,0
2025-03-26 23:53:17.439,2430,0,0,1.0000,0
2025-03-26 23:53:17.480,2431,0,0,1.0000,0
2025-03-26 23:53:17.522,2432,0,0,1.0000,0
2025-03-26 23:53:17.552,2433,0,0,1.0000,0
2025-03-26 23:53:17.582,2434,0,0,1.0000,0
2025-03-26 23:53:17.612,2435,0,0,1.0000,0
2025-03-26 23:53:17.663,2436,0,0,1.0000,0
2025-03-26 23:53:17.694,2437,0,0,1.0000,0
2025-03-26 23:53:17.724,2438,0,0,1.0000,0
2025-03-26 23:53:17.765,2439,0,0,1.0000,0
2025-03-26 23:53:17.794,2440,4,4,1.0000,1
2025-03-26 23:53:17.836,2441,0,0,1.0000,0
2025-03-26 23:53:17.866,2442,0,0,1.0000,0
2025-03-26 23:53:17.984,2443,0,0,1.0000,0
2025-03-26 23:53:18.056,2444,0,0,1.0000,0
2025-03-26 23:53:18.133,2445,0,0,1.0000,0
2025-03-26 23:53:18.165,2449,0,0,1.0000,0
2025-03-26 23:53:18.195,2451,0,0,1.0000,0
2025-03-26 23:53:18.234,2453,4,4,1.0000,1
2025-03-26 23:53:18.276,2454,0,0,1.0000,0
2025-03-26 23:53:18.318,2455,0,0,1.0000,0
2025-03-26 23:53:18.377,2456,10,10,1.0000,1
2025-03-26 23:53:18.436,2457,0,0,1.0000,0
2025-03-26 23:53:18.478,2461,2,2,1.0000,1
2025-03-26 23:53:18.507,2462,0,0,1.0000,0
2025-03-26 23:53:18.549,2466,2,2,1.0000,1
2025-03-26 23:53:18.579,2467,0,0,1.0000,0
2025-03-26 23:53:18.619,2468,0,0,1.0000,0
2025-03-26 23:53:18.650,2469,0,0,1.0000,0
2025-03-26 23:53:18.680,2470,0,0,1.0000,0
2025-03-26 23:53:18.720,2472,4,4,1.0000,1
2025-03-26 23:53:18.751,2473,4,4,1.0000,1
2025-03-26 23:53:18.781,2474,4,4,1.0000,1
2025-03-26 23:53:18.810,2475,0,0,1.0000,0
2025-03-26 23:53:18.849,2476,0,0,1.0000,0
2025-03-26 23:53:18.906,2477,0,0,1.0000,0
2025-03-26 23:53:19.044,2479,0,0,1.0000,0
2025-03-26 23:53:19.106,2480,0,0,1.0000,0
2025-03-26 23:53:19.135,2481,0,0,1.0000,0
2025-03-26 23:53:19.216,2484,0,0,1.0000,0
2025-03-26 23:53:19.312,2485,0,0,1.0000,0
2025-03-26 23:53:19.389,2488,0,0,1.0000,0
2025-03-26 23:53:19.443,2490,10,10,1.0000,1
2025-03-26 23:53:19.474,2491,0,0,1.0000,0
2025-03-26 23:53:19.516,2492,0,0,1.0000,0
2025-03-26 23:53:19.546,2493,0,0,1.0000,0
2025-03-26 23:53:19.624,2495,0,0,1.0000,0
2025-03-26 23:53:19.667,2496,0,0,1.0000,0
2025-03-26 23:53:19.717,2497,0,0,1.0000,0
2025-03-26 23:53:19.759,2498,0,0,1.0000,0
2025-03-26 23:53:19.801,2500,10,10,1.0000,1
2025-03-26 23:53:19.831,2502,0,0,1.0000,0
2025-03-26 23:53:19.861,2504,0,0,1.0000,0
2025-03-26 23:53:19.891,2506,0,0,1.0000,0
2025-03-26 23:53:19.921,2507,0,0,1.0000,0
2025-03-26 23:53:19.951,2508,0,0,1.0000,0
2025-03-26 23:53:19.992,2509,0,0,1.0000,0
2025-03-26 23:53:20.022,2510,0,0,1.0000,0
2025-03-26 23:53:20.063,2511,4,4,1.0000,1
2025-03-26 23:53:20.093,2512,0,0,1.0000,0
2025-03-26 23:53:20.133,2513,0,0,1.0000,0
2025-03-26 23:53:20.164,2514,0,0,1.0000,0
2025-03-26 23:53:20.247,2515,0,0,1.0000,0
2025-03-26 23:53:20.276,2516,0,0,1.0000,0
2025-03-26 23:53:20.316,2517,0,0,1.0000,0
2025-03-26 23:53:20.347,2518,0,0,1.0000,0
2025-03-26 23:53:20.398,2519,0,0,1.0000,0
2025-03-26 23:53:20.522,2520,4,4,1.0000,1
2025-03-26 23:53:20.578,2521,0,0,1.0000,0
2025-03-26 23:53:20.650,2522,0,0,1.0000,0
2025-03-26 23:53:20.693,2523,0,0,1.0000,0
2025-03-26 23:53:20.723,2524,0,0,1.0000,0
2025-03-26 23:53:20.753,2525,0,0,1.0000,0
2025-03-26 23:53:20.783,2526,0,0,1.0000,0
2025-03-26 23:53:20.813,2527,0,0,1.0000,0
2025-03-26 23:53:20.842,2528,0,0,1.0000,0
2025-03-26 23:53:20.872,2529,0,0,1.0000,0
2025-03-26 23:53:20.901,2530,0,0,1.0000,0
2025-03-26 23:53:20.930,2531,0,0,1.0000,0
2025-03-26 23:53:20.959,2532,0,0,1.0000,0
2025-03-26 23:53:21.001,2533,0,0,1.0000,0
2025-03-26 23:53:21.033,2536,0,0,1.0000,0
2025-03-26 23:53:21.136,2537,0,0,1.0000,0
2025-03-26 23:53:21.177,2540,0,0,1.0000,0
2025-03-26 23:53:21.291,2542,4,4,1.0000,1
2025-03-26 23:53:21.363,2543,0,0,1.0000,0
2025-03-26 23:53:21.393,2544,0,0,1.0000,0
2025-03-26 23:53:21.422,2545,0,0,1.0000,0
2025-03-26 23:53:21.463,2546,0,0,1.0000,0
2025-03-26 23:53:21.515,2547,4,4,1.0000,1
2025-03-26 23:53:21.555,2548,0,0,1.0000,0
2025-03-26 23:53:21.585,2549,10,10,1.0000,1
2025-03-26 23:53:21.613,2550,10,10,1.0000,1
2025-03-26 23:53:21.652,2551,0,0,0.9900,0
2025-03-26 23:53:21.773,2552,0,0,1.0000,0
2025-03-26 23:53:21.859,2553,10,10,1.0000,1
2025-03-26 23:53:21.908,2554,0,0,1.0000,0
2025-03-26 23:53:21.938,2555,0,0,1.0000,0
2025-03-26 23:53:21.968,2556,4,4,1.0000,1
2025-03-26 23:53:21.997,2557,0,0,1.0000,0
2025-03-26 23:53:22.026,2558,0,0,1.0000,0
2025-03-26 23:53:22.056,2559,0,0,1.0000,0
2025-03-26 23:53:22.098,2560,0,0,1.0000,0
2025-03-26 23:53:22.140,2561,0,0,1.0000,0
2025-03-26 23:53:22.170,2562,0,0,1.0000,0
2025-03-26 23:53:22.199,2563,0,0,1.0000,0
2025-03-26 23:53:22.229,2564,0,0,1.0000,0
2025-03-26 23:53:22.268,2565,10,10,1.0000,1
2025-03-26 23:53:22.323,2566,0,0,1.0000,0
2025-03-26 23:53:22.404,2567,0,0,1.0000,0
2025-03-26 23:53:22.433,2568,0,0,1.0000,0
2025-03-26 23:53:22.463,2569,0,0,1.0000,0
2025-03-26 23:53:22.492,2570,4,4,1.0000,1
2025-03-26 23:53:22.521,2571,0,0,1.0000,0
2025-03-26 23:53:22.550,2573,0,0,1.0000,0
2025-03-26 23:53:22.579,2575,0,0,1.0000,0
2025-03-26 23:53:22.619,2577,0,0,1.0000,0
2025-03-26 23:53:22.661,2578,0,0,1.0000,0
2025-03-26 23:53:22.690,2579,2,2,1.0000,1
2025-03-26 23:53:22.729,2580,0,0,1.0000,0
2025-03-26 23:53:22.759,2581,0,0,1.0000,0
2025-03-26 23:53:22.787,2582,0,0,1.0000,0
2025-03-26 23:53:22.816,2584,0,0,1.0000,0
2025-03-26 23:53:22.846,2586,10,10,1.0000,1
2025-03-26 23:53:22.876,2587,0,0,1.0000,0
2025-03-26 23:53:22.945,2589,0,0,1.0000,0
2025-03-26 23:53:23.089,2590,0,0,1.0000,0
2025-03-26 23:53:23.160,2591,0,0,1.0000,0
2025-03-26 23:53:23.210,2593,0,0,1.0000,0
2025-03-26 23:53:23.253,2595,0,0,1.0000,0
2025-03-26 23:53:23.283,2596,0,0,1.0000,0
2025-03-26 23:53:23.313,2599,0,0,1.0000,0
2025-03-26 23:53:23.342,2600,0,0,1.0000,0
2025-03-26 23:53:23.383,2601,0,0,1.0000,0
2025-03-26 23:53:23.427,2603,0,0,1.0000,0
2025-03-26 23:53:23.481,2604,10,10,1.0000,1
2025-03-26 23:53:23.535,2605,10,10,1.0000,1
2025-03-26 23:53:23.565,2608,0,0,1.0000,0
2025-03-26 23:53:23.607,2611,0,0,1.0000,0
2025-03-26 23:53:23.649,2612,0,0,0.9900,0
2025-03-26 23:53:23.680,2613,2,2,1.0000,1
2025-03-26 23:53:23.711,2616,0,0,1.0000,0
2025-03-26 23:53:23.764,2618,0,0,1.0000,0
2025-03-26 23:53:23.818,2620,0,0,1.0000,0
2025-03-26 23:53:23.871,2621,10,10,1.0000,1
2025-03-26 23:53:23.926,2622,0,0,1.0000,0
2025-03-26 23:53:23.979,2623,0,0,1.0000,0
2025-03-26 23:53:24.037,2625,0,0,1.0000,0
2025-03-26 23:53:24.096,2626,0,0,1.0000,0
2025-03-26 23:53:24.151,2627,0,0,1.0000,0
2025-03-26 23:53:24.193,2629,0,0,1.0000,0
2025-03-26 23:53:24.295,2630,0,0,1.0000,0
2025-03-26 23:53:24.385,2631,4,4,1.0000,1
2025-03-26 23:53:24.469,2632,0,0,1.0000,0
2025-03-26 23:53:24.536,2633,0,0,1.0000,0
2025-03-26 23:53:24.593,2634,6,6,1.0000,1
2025-03-26 23:53:24.640,2635,0,0,1.0000,0
2025-03-26 23:53:24.682,2636,0,0,1.0000,0
2025-03-26 23:53:24.713,2637,0,0,1.0000,0
2025-03-26 23:53:24.765,2638,0,0,1.0000,0
2025-03-26 23:53:24.794,2639,0,0,1.0000,0
2025-03-26 23:53:24.835,2640,0,0,1.0000,0
2025-03-26 23:53:24.877,2642,0,0,1.0000,0
2025-03-26 23:53:24.919,2644,0,0,1.0000,0
2025-03-26 23:53:24.949,2645,0,0,1.0000,0
2025-03-26 23:53:24.980,2648,4,4,1.0000,1
2025-03-26 23:53:25.032,2649,0,0,1.0000,0
2025-03-26 23:53:25.063,2650,0,0,1.0000,0
2025-03-26 23:53:25.105,2653,0,0,1.0000,0
2025-03-26 23:53:25.135,2654,0,0,1.0000,0
2025-03-26 23:53:25.177,2658,0,0,1.0000,0
2025-03-26 23:53:25.219,2659,0,0,1.0000,0
2025-03-26 23:53:25.273,2660,0,0,1.0000,0
2025-03-26 23:53:25.315,2661,0,0,1.0000,0
2025-03-26 23:53:25.356,2662,10,10,1.0000,1
2025-03-26 23:53:25.387,2663,0,0,1.0000,0
2025-03-26 23:53:25.417,2664,0,0,1.0000,0
2025-03-26 23:53:25.459,2665,4,4,1.0000,1
2025-03-26 23:53:25.489,2666,0,0,1.0000,0
2025-03-26 23:53:25.518,2667,0,0,1.0000,0
2025-03-26 23:53:25.633,2668,0,0,1.0000,0
2025-03-26 23:53:25.705,2669,0,0,1.0000,0
2025-03-26 23:53:25.778,2670,0,0,1.0000,0
2025-03-26 23:53:25.831,2673,0,0,1.0000,0
2025-03-26 23:53:25.861,2675,10,10,1.0000,1
2025-03-26 23:53:25.891,2677,0,0,1.0000,0
2025-03-26 23:53:25.934,2678,0,0,1.0000,0
2025-03-26 23:53:25.987,2680,0,0,1.0000,0
2025-03-26 23:53:26.017,2681,0,0,1.0000,0
2025-03-26 23:53:26.058,2682,0,0,0.9800,0
2025-03-26 23:53:26.112,2683,0,0,1.0000,0
2025-03-26 23:53:26.164,2684,0,0,1.0000,0
2025-03-26 23:53:26.193,2686,0,0,1.0000,0
2025-03-26 23:53:26.223,2687,0,0,1.0000,0
2025-03-26 23:53:26.264,2688,0,0,1.0000,0
2025-03-26 23:53:26.295,2691,10,10,1.0000,1
2025-03-26 23:53:26.325,2694,0,0,1.0000,0
2025-03-26 23:53:26.355,2696,0,0,1.0000,0
2025-03-26 23:53:26.395,2697,4,4,1.0000,1
2025-03-26 23:53:26.452,2698,12,14,0.6800,0
2025-03-26 23:53:26.549,2699,0,0,1.0000,0
2025-03-26 23:53:26.626,2700,0,0,1.0000,0
2025-03-26 23:53:26.668,2701,3,3,1.0000,1
2025-03-26 23:53:26.707,2702,0,0,1.0000,0
2025-03-26 23:53:26.737,2704,0,0,1.0000,0
2025-03-26 23:53:26.789,2705,0,0,0.9900,0
2025-03-26 23:53:26.912,2706,0,0,1.0000,0
2025-03-26 23:53:26.966,2707,0,0,1.0000,0
2025-03-26 23:53:27.037,2708,0,0,1.0000,0
2025-03-26 23:53:27.101,2709,0,0,1.0000,0
2025-03-26 23:53:27.153,2712,0,0,1.0000,0
2025-03-26 23:53:27.194,2713,0,0,1.0000,0
2025-03-26 23:53:27.235,2714,0,0,1.0000,0
2025-03-26 23:53:27.265,2715,0,0,1.0000,0
2025-03-26 23:53:27.309,2716,0,0,1.0000,0
2025-03-26 23:53:27.422,2717,0,0,1.0000,0
2025-03-26 23:53:27.477,2718,0,0,1.0000,0
2025-03-26 23:53:27.635,2719,0,0,1.0000,0
2025-03-26 23:53:27.754,2720,3,3,1.0000,1
2025-03-26 23:53:27.877,2721,0,0,1.0000,0
2025-03-26 23:53:28.001,2722,4,4,1.0000,1
2025-03-26 23:53:28.085,2724,0,0,1.0000,0
2025-03-26 23:53:28.199,2725,0,0,1.0000,0
2025-03-26 23:53:28.268,2726,4,4,1.0000,1
2025-03-26 23:53:28.345,2727,0,0,1.0000,0
2025-03-26 23:53:28.403,2728,0,0,1.0000,0
2025-03-26 23:53:28.457,2729,0,0,1.0000,0
2025-03-26 23:53:28.499,2732,0,0,1.0000,0
2025-03-26 23:53:28.529,2734,0,0,1.0000,0
2025-03-26 23:53:28.569,2735,0,0,1.0000,0
2025-03-26 23:53:28.611,2736,0,0,1.0000,0
2025-03-26 23:53:28.651,2737,0,0,1.0000,0
2025-03-26 23:53:28.681,2738,0,0,1.0000,0
2025-03-26 23:53:28.710,2739,0,0,1.0000,0
2025-03-26 23:53:28.749,2740,0,0,0.9900,0
2025-03-26 23:53:28.789,2741,2,2,1.0000,1
2025-03-26 23:53:28.901,2742,10,10,1.0000,1
2025-03-26 23:53:29.035,2743,2,2,1.0000,1
2025-03-26 23:53:29.093,2745,10,10,1.0000,1
2025-03-26 23:53:29.122,2747,0,0,1.0000,0
2025-03-26 23:53:29.172,2748,0,0,1.0000,0
2025-03-26 23:53:29.202,2749,0,0,1.0000,0
2025-03-26 23:53:29.232,2750,0,0,1.0000,0
2025-03-26 23:53:29.284,2751,0,0,1.0000,0
2025-03-26 23:53:29.327,2753,0,0,1.0000,0
2025-03-26 23:53:29.471,2755,0,0,1.0000,0
2025-03-26 23:53:29.549,2757,0,0,1.0000,0
2025-03-26 23:53:29.618,2758,2,2,1.0000,1
2025-03-26 23:53:29.694,2760,0,0,1.0000,0
2025-03-26 23:53:29.734,2762,0,0,1.0000,0
2025-03-26 23:53:29.775,2764,0,0,1.0000,0
2025-03-26 23:53:29.827,2765,0,0,1.0000,0
2025-03-26 23:53:29.935,2768,0,0,1.0000,0
2025-03-26 23:53:30.053,2771,0,0,1.0000,0
2025-03-26 23:53:30.147,2775,4,4,1.0000,1
2025-03-26 23:53:30.269,2776,0,0,1.0000,0
2025-03-26 23:53:30.383,2779,0,0,1.0000,0
2025-03-26 23:53:30.469,2780,4,4,1.0000,1
2025-03-26 23:53:30.499,2782,0,0,1.0000,0
2025-03-26 23:53:30.528,2785,0,0,1.0000,0
2025-03-26 23:53:30.558,2786,0,0,1.0000,0
2025-03-26 23:53:30.587,2787,0,0,1.0000,0
2025-03-26 23:53:30.626,2788,0,0,1.0000,0
2025-03-26 23:53:30.656,2789,0,0,1.0000,0
2025-03-26 23:53:30.686,2790,0,0,1.0000,0
2025-03-26 23:53:30.807,2792,10,10,1.0000,1
2025-03-26 23:53:30.876,2793,0,0,1.0000,0
2025-03-26 23:53:30.942,2794,0,0,1.0000,0
2025-03-26 23:53:30.989,2795,0,0,1.0000,0
2025-03-26 23:53:31.029,2796,0,0,1.0000,0
2025-03-26 23:53:31.059,2797,0,0,1.0000,0
2025-03-26 23:53:31.087,2798,0,0,1.0000,0
2025-03-26 23:53:31.186,2799,0,0,1.0000,0
2025-03-26 23:53:31.278,2800,4,4,1.0000,1
2025-03-26 23:53:31.324,2803,0,0,1.0000,0
2025-03-26 23:53:31.435,2804,0,0,1.0000,0
2025-03-26 23:53:31.491,2805,0,0,1.0000,0
2025-03-26 23:53:31.532,2806,0,0,1.0000,0
2025-03-26 23:53:31.562,2809,0,0,1.0000,0
2025-03-26 23:53:31.591,2810,0,0,1.0000,0
2025-03-26 23:53:31.621,2811,4,4,0.9900,1
2025-03-26 23:53:31.651,2813,0,0,1.0000,0
2025-03-26 23:53:31.692,2817,0,0,1.0000,0
2025-03-26 23:53:31.733,2818,4,4,1.0000,1
2025-03-26 23:53:31.772,2820,0,0,1.0000,0
2025-03-26 23:53:31.802,2821,0,0,1.0000,0
2025-03-26 23:53:31.901,2822,10,10,1.0000,1
2025-03-26 23:53:31.946,2823,4,4,1.0000,1
2025-03-26 23:53:31.977,2825,0,0,1.0000,0
2025-03-26 23:53:32.097,2826,0,0,1.0000,0
2025-03-26 23:53:32.172,2828,0,0,1.0000,0
2025-03-26 23:53:32.233,2832,0,0,1.0000,0
2025-03-26 23:53:32.294,2834,0,0,1.0000,0
2025-03-26 23:53:32.351,2835,0,0,1.0000,0
2025-03-26 23:53:32.466,2836,0,0,1.0000,0
2025-03-26 23:53:32.496,2837,0,0,1.0000,0
2025-03-26 23:53:32.525,2838,0,0,1.0000,0
2025-03-26 23:53:32.554,2839,0,0,1.0000,0
2025-03-26 23:53:32.583,2840,0,0,1.0000,0
2025-03-26 23:53:32.612,2841,0,0,1.0000,0
2025-03-26 23:53:32.642,2842,0,0,1.0000,0
2025-03-26 23:53:32.682,2844,0,0,1.0000,0
2025-03-26 23:53:32.723,2848,0,0,1.0000,0
2025-03-26 23:53:32.753,2850,0,0,1.0000,0
2025-03-26 23:53:32.793,2851,4,4,1.0000,1
2025-03-26 23:53:32.823,2852,0,0,1.0000,0
2025-03-26 23:53:32.852,2854,0,0,1.0000,0
2025-03-26 23:53:32.892,2856,0,0,1.0000,0
2025-03-26 23:53:32.943,2858,0,0,1.0000,0
2025-03-26 23:53:33.052,2860,0,0,1.0000,0
2025-03-26 23:53:33.214,2861,0,0,1.0000,0
2025-03-26 23:53:33.407,2864,0,0,1.0000,0
2025-03-26 23:53:33.458,2865,0,0,1.0000,0
2025-03-26 23:53:33.529,2866,0,0,1.0000,0
2025-03-26 23:53:33.581,2867,0,0,1.0000,0
2025-03-26 23:53:33.611,2869,0,0,1.0000,0
2025-03-26 23:53:33.650,2872,0,0,1.0000,0
2025-03-26 23:53:33.680,2874,0,0,1.0000,0
2025-03-26 23:53:33.709,2878,10,10,1.0000,1
2025-03-26 23:53:33.749,2880,0,0,1.0000,0
2025-03-26 23:53:33.780,2882,0,0,1.0000,0
2025-03-26 23:53:33.809,2886,4,4,1.0000,1
2025-03-26 23:53:33.838,2888,0,0,1.0000,0
2025-03-26 23:53:33.866,2891,0,0,1.0000,0
2025-03-26 23:53:33.895,2893,0,0,1.0000,0
2025-03-26 23:53:33.924,2895,0,0,1.0000,0
2025-03-26 23:53:33.954,2897,0,0,1.0000,0
2025-03-26 23:53:33.983,2899,4,4,1.0000,1
2025-03-26 23:53:34.031,2900,0,0,1.0000,0
2025-03-26 23:53:34.060,2901,0,0,1.0000,0
2025-03-26 23:53:34.101,2902,0,0,1.0000,0
2025-03-26 23:53:34.130,2903,0,0,1.0000,0
2025-03-26 23:53:34.159,2904,2,2,1.0000,1
2025-03-26 23:53:34.189,2905,0,0,1.0000,0
2025-03-26 23:53:34.218,2906,0,0,1.0000,0
2025-03-26 23:53:34.247,2907,4,4,1.0000,1
2025-03-26 23:53:34.288,2908,0,0,1.0000,0
2025-03-26 23:53:34.330,2910,0,0,1.0000,0
2025-03-26 23:53:34.359,2913,0,0,1.0000,0
2025-03-26 23:53:34.388,2914,0,0,1.0000,0
2025-03-26 23:53:34.417,2915,0,0,1.0000,0
2025-03-26 23:53:34.448,2917,0,0,1.0000,0
2025-03-26 23:53:34.478,2918,0,0,1.0000,0
2025-03-26 23:53:34.508,2919,0,0,1.0000,0
2025-03-26 23:53:34.548,2920,10,10,1.0000,1
2025-03-26 23:53:34.577,2921,0,0,1.0000,0
2025-03-26 23:53:34.690,2925,0,0,1.0000,0
2025-03-26 23:53:34.757,2927,0,0,1.0000,0
2025-03-26 23:53:34.829,2930,4,4,1.0000,1
2025-03-26 23:53:34.870,2931,0,0,1.0000,0
2025-03-26 23:53:34.899,2933,0,0,1.0000,0
2025-03-26 23:53:34.928,2934,0,0,1.0000,0
2025-03-26 23:53:34.968,2935,0,0,1.0000,0
2025-03-26 23:53:34.998,2938,4,4,1.0000,1
2025-03-26 23:53:35.027,2940,0,0,1.0000,0
2025-03-26 23:53:35.058,2943,0,0,1.0000,0
2025-03-26 23:53:35.098,2946,0,0,1.0000,0
2025-03-26 23:53:35.127,2948,0,0,1.0000,0
2025-03-26 23:53:35.157,2950,2,2,1.0000,1
2025-03-26 23:53:35.196,2951,0,0,0.9900,0
2025-03-26 23:53:35.237,2952,0,0,0.9700,0
2025-03-26 23:53:35.277,2953,2,2,1.0000,1
2025-03-26 23:53:35.318,2954,0,0,1.0000,0
2025-03-26 23:53:35.347,2955,0,0,1.0000,0
2025-03-26 23:53:35.376,2956,4,4,1.0000,1
2025-03-26 23:53:35.406,2957,0,0,1.0000,0
2025-03-26 23:53:35.435,2961,0,0,1.0000,0
2025-03-26 23:53:35.477,2962,0,0,1.0000,0
2025-03-26 23:53:35.508,2964,0,0,1.0000,0
2025-03-26 23:53:35.547,2965,0,0,1.0000,0
2025-03-26 23:53:35.577,2968,0,0,1.0000,0
2025-03-26 23:53:35.607,2969,0,0,1.0000,0
2025-03-26 23:53:35.718,2971,0,0,1.0000,0
2025-03-26 23:53:35.919,2974,0,0,1.0000,0
2025-03-26 23:53:36.002,2977,0,0,1.0000,0
2025-03-26 23:53:36.072,2978,10,10,1.0000,1
2025-03-26 23:53:36.122,2982,0,0,1.0000,0
2025-03-26 23:53:36.151,2983,0,0,1.0000,0
2025-03-26 23:53:36.196,2984,10,10,1.0000,1
2025-03-26 23:53:36.257,2986,0,0,1.0000,0
2025-03-26 23:53:36.287,2987,0,0,1.0000,0
2025-03-26 23:53:36.317,2988,0,0,1.0000,0
2025-03-26 23:53:36.368,2989,0,0,1.0000,0
2025-03-26 23:53:36.408,2990,1,0,0.9100,1
2025-03-26 23:53:36.450,2991,4,4,1.0000,1
2025-03-26 23:53:36.478,2992,0,0,1.0000,0
2025-03-26 23:53:36.529,2993,10,10,1.0000,1
2025-03-26 23:53:36.560,2997,0,0,1.0000,0
2025-03-26 23:53:36.589,2999,0,0,1.0000,0
2025-03-26 23:53:36.617,3000,0,0,1.0000,0
2025-03-26 23:53:36.647,3004,0,0,0.9900,0
2025-03-26 23:53:36.687,3006,0,0,1.0000,0
2025-03-26 23:53:36.716,3007,0,0,1.0000,0
2025-03-26 23:53:36.771,3008,0,0,1.0000,0
2025-03-26 23:53:36.935,3011,0,0,1.0000,0
2025-03-26 23:53:37.019,3013,4,4,1.0000,1
2025-03-26 23:53:37.049,3014,2,2,1.0000,1
2025-03-26 23:53:37.079,3015,0,0,1.0000,0
2025-03-26 23:53:37.108,3016,0,0,1.0000,0
2025-03-26 23:53:37.223,3017,10,10,1.0000,1
2025-03-26 23:53:37.296,3018,10,10,1.0000,1
2025-03-26 23:53:37.367,3019,0,0,1.0000,0
2025-03-26 23:53:37.409,3020,0,0,1.0000,0
2025-03-26 23:53:37.460,3021,0,0,1.0000,0
2025-03-26 23:53:37.492,3022,0,0,1.0000,0
2025-03-26 23:53:37.533,3023,4,4,1.0000,1
2025-03-26 23:53:37.575,3024,0,0,1.0000,0
2025-03-26 23:53:37.617,3025,10,10,1.0000,1
2025-03-26 23:53:37.660,3026,0,0,1.0000,0
2025-03-26 23:53:37.701,3027,10,10,1.0000,1
2025-03-26 23:53:37.741,3029,0,0,1.0000,0
2025-03-26 23:53:37.772,3034,0,0,1.0000,0
2025-03-26 23:53:37.884,3039,0,0,1.0000,0
2025-03-26 23:53:37.982,3040,0,0,1.0000,0
2025-03-26 23:53:38.078,3042,0,0,1.0000,0
2025-03-26 23:53:38.186,3044,10,10,1.0000,1
2025-03-26 23:53:38.245,3045,0,0,1.0000,0
2025-03-26 23:53:38.285,3046,0,0,1.0000,0
2025-03-26 23:53:38.326,3047,0,0,1.0000,0
2025-03-26 23:53:38.370,3048,0,0,1.0000,0
2025-03-26 23:53:38.527,3049,2,2,1.0000,1
2025-03-26 23:53:38.600,3050,2,2,1.0000,1
2025-03-26 23:53:38.666,3052,0,0,1.0000,0
2025-03-26 23:53:38.700,3054,0,0,1.0000,0
2025-03-26 23:53:38.729,3055,0,0,1.0000,0
2025-03-26 23:53:38.758,3056,0,0,1.0000,0
2025-03-26 23:53:38.788,3057,0,0,1.0000,0
2025-03-26 23:53:38.818,3058,2,2,1.0000,1
2025-03-26 23:53:38.847,3059,0,0,1.0000,0
2025-03-26 23:53:38.877,3060,0,0,1.0000,0
2025-03-26 23:53:38.905,3061,4,4,1.0000,1
2025-03-26 23:53:38.945,3062,0,0,1.0000,0
2025-03-26 23:53:38.974,3063,0,0,1.0000,0
2025-03-26 23:53:39.001,3064,0,0,1.0000,0
2025-03-26 23:53:39.043,3065,0,0,1.0000,0
2025-03-26 23:53:39.087,3066,10,10,1.0000,1
2025-03-26 23:53:39.116,3067,0,0,1.0000,0
2025-03-26 23:53:39.145,3068,2,2,1.0000,1
2025-03-26 23:53:39.174,3069,0,0,1.0000,0
2025-03-26 23:53:39.202,3070,0,0,1.0000,0
2025-03-26 23:53:39.232,3071,0,0,1.0000,0
2025-03-26 23:53:39.262,3072,10,10,1.0000,1
2025-03-26 23:53:39.291,3073,10,10,1.0000,1
2025-03-26 23:53:39.321,3074,0,0,1.0000,0
2025-03-26 23:53:39.424,3075,0,0,1.0000,0
2025-03-26 23:53:39.536,3076,0,0,1.0000,0
2025-03-26 23:53:39.567,3077,0,0,1.0000,0
2025-03-26 23:53:39.662,3079,0,0,1.0000,0
2025-03-26 23:53:39.793,3081,0,0,1.0000,0
2025-03-26 23:53:39.878,3083,0,0,1.0000,0
2025-03-26 23:53:39.954,3084,0,0,1.0000,0
2025-03-26 23:53:40.000,3085,0,0,1.0000,0
2025-03-26 23:53:40.031,3087,0,0,1.0000,0
2025-03-26 23:53:40.072,3088,0,0,1.0000,0
2025-03-26 23:53:40.102,3089,0,0,1.0000,0
2025-03-26 23:53:40.143,3090,0,0,1.0000,0
2025-03-26 23:53:40.255,3091,2,2,1.0000,1
2025-03-26 23:53:40.375,3092,0,0,1.0000,0
2025-03-26 23:53:40.466,3093,0,0,1.0000,0
2025-03-26 23:53:40.537,3095,4,4,1.0000,1
2025-03-26 23:53:40.622,3096,2,2,1.0000,1
2025-03-26 23:53:40.653,3097,4,4,1.0000,1
2025-03-26 23:53:40.682,3098,10,10,1.0000,1
2025-03-26 23:53:40.710,3099,0,0,1.0000,0
2025-03-26 23:53:40.739,3100,4,4,1.0000,1
2025-03-26 23:53:40.780,3101,0,0,1.0000,0
2025-03-26 23:53:40.809,3102,6,6,1.0000,1
2025-03-26 23:53:40.838,3103,0,0,1.0000,0
2025-03-26 23:53:40.868,3104,0,0,1.0000,0
2025-03-26 23:53:40.897,3105,0,0,1.0000,0
2025-03-26 23:53:40.925,3106,0,0,1.0000,0
2025-03-26 23:53:40.953,3107,0,0,1.0000,0
2025-03-26 23:53:40.983,3108,0,0,1.0000,0
2025-03-26 23:53:41.103,3109,4,4,1.0000,1
2025-03-26 23:53:41.155,3113,0,0,1.0000,0
2025-03-26 23:53:41.224,3114,0,0,1.0000,0
2025-03-26 23:53:41.275,3117,0,0,1.0000,0
2025-03-26 23:53:41.316,3118,0,0,1.0000,0
2025-03-26 23:53:41.361,3119,0,0,1.0000,0
2025-03-26 23:53:41.500,3120,0,0,1.0000,0
2025-03-26 23:53:41.543,3122,0,0,1.0000,0
2025-03-26 23:53:41.573,3123,0,0,1.0000,0
2025-03-26 23:53:41.613,3124,0,0,1.0000,0
2025-03-26 23:53:41.654,3125,0,0,1.0000,0
2025-03-26 23:53:41.684,3126,0,0,1.0000,0
2025-03-26 23:53:41.712,3127,4,4,1.0000,1
2025-03-26 23:53:41.742,3128,0,0,1.0000,0
2025-03-26 23:53:41.783,3129,0,0,0.9800,0
2025-03-26 23:53:41.889,3130,0,0,1.0000,0
2025-03-26 23:53:42.009,3131,0,0,1.0000,0
2025-03-26 23:53:42.132,3132,0,0,1.0000,0
2025-03-26 23:53:42.251,3133,4,4,1.0000,1
2025-03-26 23:53:42.415,3134,0,0,1.0000,0
2025-03-26 23:53:42.474,3135,0,0,1.0000,0
2025-03-26 23:53:42.539,3136,0,0,1.0000,0
2025-03-26 23:53:42.570,3139,0,0,1.0000,0
2025-03-26 23:53:42.599,3142,0,0,1.0000,0
2025-03-26 23:53:42.643,3144,0,0,1.0000,0
2025-03-26 23:53:42.810,3145,0,0,1.0000,0
2025-03-26 23:53:42.975,3146,0,0,1.0000,0
2025-03-26 23:53:43.070,3148,0,0,1.0000,0
2025-03-26 23:53:43.100,3150,0,0,1.0000,0
2025-03-26 23:53:43.140,3152,0,0,1.0000,0
2025-03-26 23:53:43.169,3153,0,0,1.0000,0
2025-03-26 23:53:43.198,3155,0,0,1.0000,0
2025-03-26 23:53:43.227,3156,10,10,1.0000,1
2025-03-26 23:53:43.266,3158,0,0,1.0000,0
2025-03-26 23:53:43.296,3160,0,0,1.0000,0
2025-03-26 23:53:43.408,3161,0,0,1.0000,0
2025-03-26 23:53:43.499,3162,0,0,1.0000,0
2025-03-26 23:53:43.529,3164,0,0,1.0000,0
2025-03-26 23:53:43.611,3166,0,0,1.0000,0
2025-03-26 23:53:43.694,3168,2,2,1.0000,1
2025-03-26 23:53:43.765,3171,2,2,1.0000,1
2025-03-26 23:53:43.825,3174,4,4,1.0000,1
2025-03-26 23:53:43.855,3177,2,2,1.0000,1
2025-03-26 23:53:43.884,3179,0,0,1.0000,0
2025-03-26 23:53:43.914,3181,0,0,1.0000,0
2025-03-26 23:53:43.954,3182,0,0,1.0000,0
2025-03-26 23:53:43.984,3183,10,10,1.0000,1
2025-03-26 23:53:44.025,3185,4,4,1.0000,1
2025-03-26 23:53:44.054,3187,0,0,1.0000,0
2025-03-26 23:53:44.084,3190,3,3,1.0000,1
2025-03-26 23:53:44.126,3192,0,0,1.0000,0
2025-03-26 23:53:44.154,3194,0,0,1.0000,0
2025-03-26 23:53:44.184,3195,0,0,1.0000,0
2025-03-26 23:53:44.213,3196,0,0,1.0000,0
2025-03-26 23:53:44.253,3197,0,0,1.0000,0
2025-03-26 23:53:44.292,3198,0,0,1.0000,0
2025-03-26 23:53:44.323,3199,0,0,1.0000,0
2025-03-26 23:53:44.352,3200,0,0,1.0000,0
2025-03-26 23:53:44.403,3201,4,4,1.0000,1
2025-03-26 23:53:44.451,3202,0,0,1.0000,0
2025-03-26 23:53:44.491,3203,2,2,1.0000,1
2025-03-26 23:53:44.521,3204,4,4,1.0000,1
2025-03-26 23:53:44.576,3205,0,0,1.0000,0
2025-03-26 23:53:44.736,3206,0,0,1.0000,0
2025-03-26 23:53:44.899,3207,0,0,1.0000,0
2025-03-26 23:53:44.985,3208,0,0,1.0000,0
2025-03-26 23:53:45.059,3209,0,0,1.0000,0
2025-03-26 23:53:45.120,3210,0,0,1.0000,0
2025-03-26 23:53:45.162,3211,4,4,1.0000,1
2025-03-26 23:53:45.191,3212,0,0,1.0000,0
2025-03-26 23:53:45.219,3213,0,0,1.0000,0
2025-03-26 23:53:45.248,3214,7,7,1.0000,1
2025-03-26 23:53:45.287,3215,2,2,1.0000,1
2025-03-26 23:53:45.318,3217,0,0,1.0000,0
2025-03-26 23:53:45.347,3218,0,0,1.0000,0
2025-03-26 23:53:45.449,3220,4,4,1.0000,1
2025-03-26 23:53:45.545,3223,0,0,1.0000,0
2025-03-26 23:53:45.632,3226,0,0,1.0000,0
2025-03-26 23:53:45.662,3228,4,4,1.0000,1
2025-03-26 23:53:45.692,3229,0,0,1.0000,0
2025-03-26 23:53:45.721,3231,0,0,1.0000,0
2025-03-26 23:53:45.750,3233,2,2,1.0000,1
2025-03-26 23:53:45.778,3234,0,0,1.0000,0
2025-03-26 23:53:45.807,3235,0,0,1.0000,0
2025-03-26 23:53:45.837,3238,0,0,1.0000,0
2025-03-26 23:53:45.866,3240,0,0,1.0000,0
2025-03-26 23:53:45.895,3243,0,0,1.0000,0
2025-03-26 23:53:45.936,3244,2,2,1.0000,1
2025-03-26 23:53:45.966,3246,2,2,1.0000,1
2025-03-26 23:53:45.995,3247,0,0,1.0000,0
2025-03-26 23:53:46.025,3248,0,0,1.0000,0
2025-03-26 23:53:46.066,3249,0,0,1.0000,0
2025-03-26 23:53:46.097,3250,0,0,1.0000,0
2025-03-26 23:53:46.216,3252,0,0,1.0000,0
2025-03-26 23:53:46.289,3253,0,0,0.6300,0
2025-03-26 23:53:46.360,3254,2,2,1.0000,1
2025-03-26 23:53:46.417,3255,0,0,1.0000,0
2025-03-26 23:53:46.459,3256,0,0,1.0000,0
2025-03-26 23:53:46.488,3257,0,0,1.0000,0
2025-03-26 23:53:46.529,3258,0,0,0.9900,0
2025-03-26 23:53:46.569,3259,0,0,1.0000,0
2025-03-26 23:53:46.599,3261,2,2,1.0000,1
2025-03-26 23:53:46.628,3262,0,0,1.0000,0
2025-03-26 23:53:46.740,3264,0,0,1.0000,0
2025-03-26 23:53:46.804,3265,0,0,1.0000,0
2025-03-26 23:53:46.849,3266,0,0,1.0000,0
2025-03-26 23:53:46.983,3267,4,4,1.0000,1
2025-03-26 23:53:47.097,3270,0,0,1.0000,0
2025-03-26 23:53:47.221,3271,0,0,1.0000,0
2025-03-26 23:53:47.336,3272,0,0,1.0000,0
2025-03-26 23:53:47.371,3273,0,0,1.0000,0
2025-03-26 23:53:47.466,3274,0,0,1.0000,0
2025-03-26 23:53:47.551,3275,0,0,1.0000,0
2025-03-26 23:53:47.623,3276,0,0,1.0000,0
2025-03-26 23:53:47.683,3277,2,2,1.0000,1
2025-03-26 23:53:47.736,3278,0,0,1.0000,0
2025-03-26 23:53:47.788,3281,0,0,1.0000,0
2025-03-26 23:53:47.830,3284,0,0,1.0000,0
2025-03-26 23:53:47.934,3286,0,0,1.0000,0
2025-03-26 23:53:48.013,3290,0,0,1.0000,0
2025-03-26 23:53:48.056,3295,0,0,1.0000,0
2025-03-26 23:53:48.098,3297,0,0,1.0000,0
2025-03-26 23:53:48.152,3298,0,0,1.0000,0
2025-03-26 23:53:48.311,3299,0,0,1.0000,0
2025-03-26 23:53:48.446,3300,0,0,1.0000,0
2025-03-26 23:53:48.527,3302,0,0,1.0000,0
2025-03-26 23:53:48.626,3305,0,0,1.0000,0
2025-03-26 23:53:48.656,3311,0,0,1.0000,0
2025-03-26 23:53:48.746,3313,0,0,1.0000,0
2025-03-26 23:53:48.826,3314,0,0,1.0000,0
2025-03-26 23:53:48.899,3316,0,0,1.0000,0
2025-03-26 23:53:48.949,3318,0,0,1.0000,0
2025-03-26 23:53:48.978,3320,4,4,1.0000,1
2025-03-26 23:53:49.008,3321,0,0,1.0000,0
2025-03-26 23:53:49.050,3322,0,0,1.0000,0
2025-03-26 23:53:49.096,3323,0,0,1.0000,0
2025-03-26 23:53:49.138,3324,0,0,1.0000,0
2025-03-26 23:53:49.296,3327,0,0,1.0000,0
2025-03-26 23:53:49.394,3328,0,0,1.0000,0
2025-03-26 23:53:49.467,3329,0,0,1.0000,0
2025-03-26 23:53:49.507,3331,0,0,1.0000,0
2025-03-26 23:53:49.548,3332,0,0,1.0000,0
2025-03-26 23:53:49.578,3334,0,0,1.0000,0
2025-03-26 23:53:49.607,3335,0,0,1.0000,0
2025-03-26 23:53:49.637,3337,0,0,1.0000,0
2025-03-26 23:53:49.680,3338,0,0,1.0000,0
2025-03-26 23:53:49.846,3339,0,0,1.0000,0
2025-03-26 23:53:50.041,3340,0,0,1.0000,0
2025-03-26 23:53:50.125,3342,0,0,1.0000,0
2025-03-26 23:53:50.197,3344,0,0,1.0000,0
2025-03-26 23:53:50.258,3346,0,0,1.0000,0
2025-03-26 23:53:50.289,3348,0,0,1.0000,0
2025-03-26 23:53:50.330,3349,4,4,1.0000,1
2025-03-26 23:53:50.382,3350,0,0,1.0000,0
2025-03-26 23:53:50.423,3351,0,0,1.0000,0
2025-03-26 23:53:50.526,3352,0,0,1.0000,0
2025-03-26 23:53:50.611,3353,0,0,1.0000,0
2025-03-26 23:53:50.642,3354,0,0,1.0000,0
2025-03-26 23:53:50.672,3355,0,0,1.0000,0
2025-03-26 23:53:50.727,3357,0,0,1.0000,0
2025-03-26 23:53:50.881,3358,0,0,1.0000,0
2025-03-26 23:53:51.015,3360,0,0,1.0000,0
2025-03-26 23:53:51.093,3361,0,0,1.0000,0
2025-03-26 23:53:51.136,3362,0,0,1.0000,0
2025-03-26 23:53:51.187,3367,4,4,1.0000,1
2025-03-26 23:53:51.217,3371,0,0,1.0000,0
2025-03-26 23:53:51.313,3373,0,0,1.0000,0
2025-03-26 23:53:51.414,3376,2,2,1.0000,1
2025-03-26 23:53:51.488,3377,4,4,1.0000,1
2025-03-26 23:53:51.540,3379,0,0,1.0000,0
2025-03-26 23:53:51.581,3380,0,0,1.0000,0
2025-03-26 23:53:51.611,3381,0,0,1.0000,0
2025-03-26 23:53:51.641,3382,0,0,1.0000,0
2025-03-26 23:53:51.670,3383,0,0,1.0000,0
2025-03-26 23:53:51.699,3384,0,0,1.0000,0
2025-03-26 23:53:51.739,3385,0,0,1.0000,0
2025-03-26 23:53:51.768,3387,2,2,1.0000,1
2025-03-26 23:53:51.809,3390,0,0,1.0000,0
2025-03-26 23:53:51.839,3392,2,2,1.0000,1
2025-03-26 23:53:51.867,3393,0,0,1.0000,0
2025-03-26 23:53:51.896,3394,0,0,1.0000,0
2025-03-26 23:53:51.926,3395,0,0,1.0000,0
2025-03-26 23:53:51.956,3396,0,0,1.0000,0
2025-03-26 23:53:51.985,3397,0,0,1.0000,0
2025-03-26 23:53:52.014,3398,0,0,1.0000,0
2025-03-26 23:53:52.056,3399,0,0,1.0000,0
2025-03-26 23:53:52.086,3400,0,0,1.0000,0
2025-03-26 23:53:52.115,3401,0,0,1.0000,0
2025-03-26 23:53:52.144,3402,10,10,1.0000,1
2025-03-26 23:53:52.188,3403,0,0,1.0000,0
2025-03-26 23:53:52.233,3404,0,0,1.0000,0
2025-03-26 23:53:52.340,3405,0,0,1.0000,0
2025-03-26 23:53:52.464,3406,0,0,1.0000,0
2025-03-26 23:53:52.623,3407,0,0,1.0000,0
2025-03-26 23:53:52.686,3408,0,0,1.0000,0
2025-03-26 23:53:52.756,3410,10,10,1.0000,1
2025-03-26 23:53:52.787,3412,0,0,1.0000,0
2025-03-26 23:53:52.826,3414,0,0,1.0000,0
2025-03-26 23:53:52.856,3415,2,2,1.0000,1
2025-03-26 23:53:52.885,3416,0,0,1.0000,0
2025-03-26 23:53:52.996,3417,0,0,1.0000,0
2025-03-26 23:53:53.089,3419,0,0,1.0000,0
