timestamp,packet_id,actual_label
2025-04-10 01:34:34.210,0,0
2025-04-10 01:34:34.237,1,0
2025-04-10 01:34:34.293,2,4
2025-04-10 01:34:34.366,3,0
2025-04-10 01:34:34.384,4,0
2025-04-10 01:34:34.427,5,0
2025-04-10 01:34:34.451,6,0
2025-04-10 01:34:35.032,7,0
2025-04-10 01:34:35.102,8,0
2025-04-10 01:34:35.146,9,0
2025-04-10 01:34:35.205,10,4
2025-04-10 01:34:35.253,11,0
2025-04-10 01:34:35.300,12,0
2025-04-10 01:34:35.389,13,2
2025-04-10 01:34:35.457,14,0
2025-04-10 01:34:35.483,15,0
2025-04-10 01:34:35.542,16,0
2025-04-10 01:34:35.615,17,0
2025-04-10 01:34:35.638,18,2
2025-04-10 01:34:35.690,19,0
2025-04-10 01:34:35.769,20,0
2025-04-10 01:34:35.835,21,0
2025-04-10 01:34:35.910,22,0
2025-04-10 01:34:35.989,23,0
2025-04-10 01:34:36.019,24,0
2025-04-10 01:34:36.066,25,0
2025-04-10 01:34:36.083,26,4
2025-04-10 01:34:36.111,27,0
2025-04-10 01:34:36.143,28,2
2025-04-10 01:34:36.200,29,0
2025-04-10 01:34:36.295,30,0
2025-04-10 01:34:36.357,31,0
2025-04-10 01:34:36.417,32,0
2025-04-10 01:34:36.445,33,0
2025-04-10 01:34:36.491,34,0
2025-04-10 01:34:36.582,35,0
2025-04-10 01:34:36.685,36,0
2025-04-10 01:34:36.752,37,4
2025-04-10 01:34:36.851,38,0
2025-04-10 01:34:36.912,39,0
2025-04-10 01:34:37.007,40,0
2025-04-10 01:34:37.067,41,0
2025-04-10 01:34:37.159,42,2
2025-04-10 01:34:37.225,43,10
2025-04-10 01:34:37.275,44,0
2025-04-10 01:34:37.307,45,0
2025-04-10 01:34:37.341,46,0
2025-04-10 01:34:37.435,47,0
2025-04-10 01:34:37.494,48,0
2025-04-10 01:34:37.545,49,0
2025-04-10 01:34:37.581,50,0
2025-04-10 01:34:37.683,51,0
2025-04-10 01:34:37.730,52,6
2025-04-10 01:34:37.802,53,0
2025-04-10 01:34:37.865,54,0
2025-04-10 01:34:37.944,55,0
2025-04-10 01:34:38.018,56,0
2025-04-10 01:34:38.086,57,0
2025-04-10 01:34:38.108,58,0
2025-04-10 01:34:38.126,59,0
2025-04-10 01:34:38.190,60,10
2025-04-10 01:34:38.288,61,0
2025-04-10 01:34:38.340,62,0
2025-04-10 01:34:38.375,63,10
2025-04-10 01:34:38.449,64,0
2025-04-10 01:34:38.527,65,0
2025-04-10 01:34:38.619,66,0
2025-04-10 01:34:38.669,67,0
2025-04-10 01:34:38.697,68,4
2025-04-10 01:34:38.794,69,0
2025-04-10 01:34:38.892,70,0
2025-04-10 01:34:38.925,71,0
2025-04-10 01:34:38.977,72,0
2025-04-10 01:34:39.065,73,4
2025-04-10 01:34:39.153,74,0
2025-04-10 01:34:39.210,75,0
2025-04-10 01:34:39.226,76,0
2025-04-10 01:34:39.260,77,0
2025-04-10 01:34:39.344,78,2
2025-04-10 01:34:39.356,79,0
2025-04-10 01:34:39.439,80,0
2025-04-10 01:34:39.476,81,10
2025-04-10 01:34:39.513,82,0
2025-04-10 01:34:39.554,83,0
2025-04-10 01:34:39.637,84,0
2025-04-10 01:34:39.709,85,0
2025-04-10 01:34:39.751,86,0
2025-04-10 01:34:39.828,87,4
2025-04-10 01:34:39.868,88,0
2025-04-10 01:34:39.961,89,2
2025-04-10 01:34:40.013,90,0
2025-04-10 01:34:40.069,91,0
2025-04-10 01:34:40.117,92,0
2025-04-10 01:34:40.185,93,0
2025-04-10 01:34:40.299,94,0
2025-04-10 01:34:40.351,95,0
2025-04-10 01:34:40.438,96,0
2025-04-10 01:34:40.461,97,4
2025-04-10 01:34:40.494,98,0
2025-04-10 01:34:40.556,99,0
2025-04-10 01:34:40.593,100,0
2025-04-10 01:34:40.611,101,0
2025-04-10 01:34:40.696,102,2
2025-04-10 01:34:40.712,103,0
2025-04-10 01:34:40.733,104,0
2025-04-10 01:34:40.833,105,0
2025-04-10 01:34:40.849,106,0
2025-04-10 01:34:40.903,107,0
2025-04-10 01:34:40.927,108,0
2025-04-10 01:34:41.018,109,4
2025-04-10 01:34:41.038,110,4
2025-04-10 01:34:41.133,111,0
2025-04-10 01:34:41.206,112,0
2025-04-10 01:34:41.231,113,0
2025-04-10 01:34:41.324,114,0
2025-04-10 01:34:41.394,115,4
2025-04-10 01:34:41.425,116,0
2025-04-10 01:34:41.510,117,0
2025-04-10 01:34:41.550,118,0
2025-04-10 01:34:41.587,119,0
2025-04-10 01:34:41.670,120,0
2025-04-10 01:34:41.771,121,10
2025-04-10 01:34:41.853,122,0
2025-04-10 01:34:41.887,123,4
2025-04-10 01:34:41.951,124,0
2025-04-10 01:34:41.984,125,0
2025-04-10 01:34:42.049,126,0
2025-04-10 01:34:42.136,127,0
2025-04-10 01:34:42.218,128,0
2025-04-10 01:34:42.266,129,4
2025-04-10 01:34:42.301,130,0
2025-04-10 01:34:42.404,131,0
2025-04-10 01:34:42.426,132,0
2025-04-10 01:34:42.472,133,0
2025-04-10 01:34:42.570,134,0
2025-04-10 01:34:42.601,135,0
2025-04-10 01:34:42.672,136,0
2025-04-10 01:34:42.762,137,0
2025-04-10 01:34:42.778,138,0
2025-04-10 01:34:42.864,139,0
2025-04-10 01:34:42.914,140,0
2025-04-10 01:34:42.981,141,0
2025-04-10 01:34:43.081,142,0
2025-04-10 01:34:43.104,143,10
2025-04-10 01:34:43.206,144,0
2025-04-10 01:34:43.227,145,0
2025-04-10 01:34:43.304,146,0
2025-04-10 01:34:43.387,147,0
2025-04-10 01:34:43.468,148,0
2025-04-10 01:34:43.497,149,0
2025-04-10 01:34:43.519,150,0
2025-04-10 01:34:43.618,151,2
2025-04-10 01:34:43.667,152,0
2025-04-10 01:34:43.715,153,0
2025-04-10 01:34:43.764,154,0
2025-04-10 01:34:43.781,155,0
2025-04-10 01:34:43.797,156,0
2025-04-10 01:34:43.883,157,0
2025-04-10 01:34:43.898,158,0
2025-04-10 01:34:43.982,159,0
2025-04-10 01:34:44.004,160,0
2025-04-10 01:34:44.019,161,0
2025-04-10 01:34:44.083,162,0
2025-04-10 01:34:44.140,163,0
2025-04-10 01:34:44.228,164,0
2025-04-10 01:34:44.262,165,0
2025-04-10 01:34:44.278,166,0
2025-04-10 01:34:44.353,167,0
2025-04-10 01:34:44.425,168,0
2025-04-10 01:34:44.450,169,0
2025-04-10 01:34:44.538,170,4
2025-04-10 01:34:44.561,171,0
2025-04-10 01:34:44.654,172,0
2025-04-10 01:34:44.733,173,0
2025-04-10 01:34:44.818,174,0
2025-04-10 01:34:44.920,175,0
2025-04-10 01:34:44.977,176,0
2025-04-10 01:34:45.015,177,0
2025-04-10 01:34:45.030,178,0
2025-04-10 01:34:45.076,179,0
2025-04-10 01:34:45.176,180,0
2025-04-10 01:34:45.250,181,0
2025-04-10 01:34:45.276,182,0
2025-04-10 01:34:45.367,183,0
2025-04-10 01:34:45.437,184,10
2025-04-10 01:34:45.453,185,0
2025-04-10 01:34:45.511,186,0
2025-04-10 01:34:45.588,187,0
2025-04-10 01:34:45.627,188,0
2025-04-10 01:34:45.701,189,0
2025-04-10 01:34:45.783,190,0
2025-04-10 01:34:45.847,191,2
2025-04-10 01:34:45.949,192,0
2025-04-10 01:34:46.026,193,0
2025-04-10 01:34:46.090,194,0
2025-04-10 01:34:46.106,195,4
2025-04-10 01:34:46.183,196,0
2025-04-10 01:34:46.204,197,0
2025-04-10 01:34:46.265,198,0
2025-04-10 01:34:46.362,199,0
2025-04-10 01:34:46.402,200,4
2025-04-10 01:34:46.426,201,0
2025-04-10 01:34:46.454,202,0
2025-04-10 01:34:46.535,203,0
2025-04-10 01:34:46.625,204,0
2025-04-10 01:34:46.722,205,0
2025-04-10 01:34:46.779,206,0
2025-04-10 01:34:46.829,207,0
2025-04-10 01:34:46.931,208,10
2025-04-10 01:34:47.006,209,0
2025-04-10 01:34:47.094,210,0
2025-04-10 01:34:47.120,211,0
2025-04-10 01:34:47.216,212,0
2025-04-10 01:34:47.273,213,0
2025-04-10 01:34:47.356,214,0
2025-04-10 01:34:47.422,215,0
2025-04-10 01:34:47.475,216,4
2025-04-10 01:34:47.517,217,10
2025-04-10 01:34:47.547,218,2
2025-04-10 01:34:47.637,219,0
2025-04-10 01:34:47.652,220,0
2025-04-10 01:34:47.687,221,0
2025-04-10 01:34:47.713,222,0
2025-04-10 01:34:47.802,223,0
2025-04-10 01:34:47.903,224,0
2025-04-10 01:34:47.992,225,0
2025-04-10 01:34:48.021,226,0
2025-04-10 01:34:48.036,227,0
2025-04-10 01:34:48.138,228,0
2025-04-10 01:34:48.231,229,0
2025-04-10 01:34:48.303,230,0
2025-04-10 01:34:48.346,231,0
2025-04-10 01:34:48.400,232,0
2025-04-10 01:34:48.463,233,0
2025-04-10 01:34:48.541,234,0
2025-04-10 01:34:48.604,235,0
2025-04-10 01:34:48.657,236,3
2025-04-10 01:34:48.755,237,0
2025-04-10 01:34:48.828,238,0
2025-04-10 01:34:48.861,239,0
2025-04-10 01:34:48.877,240,0
2025-04-10 01:34:48.910,241,0
2025-04-10 01:34:49.012,242,10
2025-04-10 01:34:49.095,243,0
2025-04-10 01:34:49.129,244,0
2025-04-10 01:34:49.185,245,0
2025-04-10 01:34:49.201,246,2
2025-04-10 01:34:49.278,247,0
2025-04-10 01:34:49.340,248,4
2025-04-10 01:34:49.419,249,4
2025-04-10 01:34:49.478,250,0
2025-04-10 01:34:49.533,251,4
2025-04-10 01:34:49.580,252,0
2025-04-10 01:34:49.635,253,0
2025-04-10 01:34:49.697,254,0
2025-04-10 01:34:49.794,255,4
2025-04-10 01:34:49.842,256,0
2025-04-10 01:34:49.933,257,0
2025-04-10 01:34:50.021,258,0
2025-04-10 01:34:50.092,259,4
2025-04-10 01:34:50.120,260,0
2025-04-10 01:34:50.156,261,0
2025-04-10 01:34:50.188,262,10
2025-04-10 01:34:50.240,263,0
2025-04-10 01:34:50.311,264,0
2025-04-10 01:34:50.344,265,0
2025-04-10 01:34:50.443,266,0
2025-04-10 01:34:50.485,267,0
2025-04-10 01:34:50.504,268,0
2025-04-10 01:34:50.584,269,10
2025-04-10 01:34:50.608,270,0
2025-04-10 01:34:50.694,271,0
2025-04-10 01:34:50.717,272,4
2025-04-10 01:34:50.771,273,0
2025-04-10 01:34:50.832,274,10
2025-04-10 01:34:50.899,275,0
2025-04-10 01:34:50.964,276,0
2025-04-10 01:34:51.066,277,10
2025-04-10 01:34:51.120,278,0
2025-04-10 01:34:51.176,279,0
2025-04-10 01:34:51.277,280,0
2025-04-10 01:34:51.368,281,10
2025-04-10 01:34:51.396,282,0
2025-04-10 01:34:51.451,283,7
2025-04-10 01:34:51.525,284,0
2025-04-10 01:34:51.594,285,0
2025-04-10 01:34:51.672,286,0
2025-04-10 01:34:51.715,287,0
2025-04-10 01:34:51.774,288,0
2025-04-10 01:34:51.789,289,2
2025-04-10 01:34:51.853,290,4
2025-04-10 01:34:51.865,291,10
2025-04-10 01:34:51.899,292,5
2025-04-10 01:34:51.993,293,0
2025-04-10 01:34:52.032,294,4
2025-04-10 01:34:52.069,295,0
2025-04-10 01:34:52.136,296,0
2025-04-10 01:34:52.161,297,0
2025-04-10 01:34:52.228,298,0
2025-04-10 01:34:52.265,299,10
2025-04-10 01:34:52.295,300,0
2025-04-10 01:34:52.353,301,0
2025-04-10 01:34:52.454,302,0
2025-04-10 01:34:52.557,303,10
2025-04-10 01:34:52.594,304,0
2025-04-10 01:34:52.657,305,0
2025-04-10 01:34:52.672,306,0
2025-04-10 01:34:52.721,307,0
2025-04-10 01:34:52.779,308,0
2025-04-10 01:34:52.807,309,2
2025-04-10 01:34:52.856,310,2
2025-04-10 01:34:52.950,311,0
2025-04-10 01:34:53.031,312,0
2025-04-10 01:34:53.099,313,0
2025-04-10 01:34:53.151,314,0
2025-04-10 01:34:53.169,315,10
2025-04-10 01:34:53.237,316,0
2025-04-10 01:34:53.256,317,0
2025-04-10 01:34:53.306,318,0
2025-04-10 01:34:53.352,319,10
2025-04-10 01:34:53.422,320,0
2025-04-10 01:34:53.526,321,0
2025-04-10 01:34:53.620,322,0
2025-04-10 01:34:53.725,323,0
2025-04-10 01:34:53.763,324,3
2025-04-10 01:34:53.852,325,0
2025-04-10 01:34:53.937,326,0
2025-04-10 01:34:53.960,327,2
2025-04-10 01:34:53.978,328,0
2025-04-10 01:34:54.039,329,0
2025-04-10 01:34:54.079,330,0
2025-04-10 01:34:54.174,331,0
2025-04-10 01:34:54.216,332,0
2025-04-10 01:34:54.272,333,0
2025-04-10 01:34:54.357,334,0
2025-04-10 01:34:54.443,335,0
2025-04-10 01:34:54.529,336,0
2025-04-10 01:34:54.573,337,0
2025-04-10 01:34:54.607,338,2
2025-04-10 01:34:54.643,339,0
2025-04-10 01:34:54.705,340,0
2025-04-10 01:34:54.739,341,0
2025-04-10 01:34:54.803,342,0
2025-04-10 01:34:54.868,343,0
2025-04-10 01:34:54.969,344,0
2025-04-10 01:34:55.000,345,0
2025-04-10 01:34:55.019,346,0
2025-04-10 01:34:55.091,347,0
2025-04-10 01:34:55.139,348,0
2025-04-10 01:34:55.188,349,0
2025-04-10 01:34:55.202,350,0
2025-04-10 01:34:55.280,351,0
2025-04-10 01:34:55.312,352,0
2025-04-10 01:34:55.401,353,0
2025-04-10 01:34:55.489,354,4
2025-04-10 01:34:55.516,355,0
2025-04-10 01:34:55.597,356,0
2025-04-10 01:34:55.636,357,0
2025-04-10 01:34:55.670,358,0
2025-04-10 01:34:55.726,359,2
2025-04-10 01:34:55.770,360,0
2025-04-10 01:34:55.794,361,0
2025-04-10 01:34:55.882,362,0
2025-04-10 01:34:55.978,363,0
2025-04-10 01:34:56.073,364,0
2025-04-10 01:34:56.089,365,0
2025-04-10 01:34:56.125,366,0
2025-04-10 01:34:56.237,367,0
2025-04-10 01:34:56.345,368,0
2025-04-10 01:34:56.377,369,0
2025-04-10 01:34:56.392,370,0
2025-04-10 01:34:56.418,371,0
2025-04-10 01:34:56.486,372,0
2025-04-10 01:34:56.514,373,0
2025-04-10 01:34:56.583,374,0
2025-04-10 01:34:56.608,375,0
2025-04-10 01:34:56.709,376,10
2025-04-10 01:34:56.748,377,0
2025-04-10 01:34:56.834,378,0
2025-04-10 01:34:56.939,379,10
2025-04-10 01:34:57.003,380,0
2025-04-10 01:34:57.037,381,0
2025-04-10 01:34:57.080,382,0
2025-04-10 01:34:57.169,383,0
2025-04-10 01:34:57.239,384,0
2025-04-10 01:34:57.333,385,0
2025-04-10 01:34:57.405,386,0
2025-04-10 01:34:57.511,387,0
2025-04-10 01:34:57.598,388,0
2025-04-10 01:34:57.625,389,0
2025-04-10 01:34:57.681,390,10
2025-04-10 01:34:57.755,391,0
2025-04-10 01:34:57.774,392,0
2025-04-10 01:34:57.800,393,4
2025-04-10 01:34:57.877,394,10
2025-04-10 01:34:57.925,395,0
2025-04-10 01:34:57.952,396,0
2025-04-10 01:34:57.989,397,4
2025-04-10 01:34:58.014,398,10
2025-04-10 01:34:58.088,399,10
2025-04-10 01:34:58.129,400,0
2025-04-10 01:34:58.195,401,6
2025-04-10 01:34:58.249,402,0
2025-04-10 01:34:58.320,403,0
2025-04-10 01:34:58.359,404,0
2025-04-10 01:34:58.436,405,0
2025-04-10 01:34:58.460,406,0
2025-04-10 01:34:58.536,407,7
2025-04-10 01:34:58.590,408,10
2025-04-10 01:34:58.623,409,4
2025-04-10 01:34:58.700,410,0
2025-04-10 01:34:58.739,411,0
2025-04-10 01:34:58.769,412,4
2025-04-10 01:34:58.795,413,0
2025-04-10 01:34:58.839,414,2
2025-04-10 01:34:58.880,415,4
2025-04-10 01:34:58.965,416,4
2025-04-10 01:34:59.056,417,0
2025-04-10 01:34:59.086,418,0
2025-04-10 01:34:59.106,419,0
2025-04-10 01:34:59.133,420,0
2025-04-10 01:34:59.221,421,3
2025-04-10 01:34:59.247,422,0
2025-04-10 01:34:59.277,423,0
2025-04-10 01:34:59.349,424,0
2025-04-10 01:34:59.385,425,0
2025-04-10 01:34:59.405,426,0
2025-04-10 01:34:59.423,427,2
2025-04-10 01:34:59.487,428,0
2025-04-10 01:34:59.538,429,4
2025-04-10 01:34:59.587,430,10
2025-04-10 01:34:59.673,431,0
2025-04-10 01:34:59.768,432,0
2025-04-10 01:34:59.804,433,0
2025-04-10 01:34:59.866,434,0
2025-04-10 01:34:59.903,435,0
2025-04-10 01:34:59.946,436,0
2025-04-10 01:34:59.972,437,0
2025-04-10 01:35:00.050,438,0
2025-04-10 01:35:00.106,439,0
2025-04-10 01:35:00.139,440,0
2025-04-10 01:35:00.232,441,0
2025-04-10 01:35:00.294,442,10
2025-04-10 01:35:00.373,443,4
2025-04-10 01:35:00.441,444,0
2025-04-10 01:35:00.490,445,2
2025-04-10 01:35:00.532,446,0
2025-04-10 01:35:00.580,447,0
2025-04-10 01:35:00.627,448,0
2025-04-10 01:35:00.659,449,0
2025-04-10 01:35:00.679,450,0
2025-04-10 01:35:00.722,451,0
2025-04-10 01:35:00.780,452,0
2025-04-10 01:35:00.839,453,0
2025-04-10 01:35:00.858,454,0
2025-04-10 01:35:00.907,455,0
2025-04-10 01:35:00.965,456,0
2025-04-10 01:35:01.052,457,0
2025-04-10 01:35:01.128,458,0
2025-04-10 01:35:01.226,459,0
2025-04-10 01:35:01.312,460,4
2025-04-10 01:35:01.376,461,0
2025-04-10 01:35:01.454,462,0
2025-04-10 01:35:01.522,463,0
2025-04-10 01:35:01.582,464,0
2025-04-10 01:35:01.599,465,0
2025-04-10 01:35:01.644,466,0
2025-04-10 01:35:01.737,467,0
2025-04-10 01:35:01.763,468,0
2025-04-10 01:35:01.778,469,4
2025-04-10 01:35:01.839,470,0
2025-04-10 01:35:01.914,471,0
2025-04-10 01:35:02.010,472,0
2025-04-10 01:35:02.044,473,0
2025-04-10 01:35:02.144,474,0
2025-04-10 01:35:02.168,475,0
2025-04-10 01:35:02.265,476,0
2025-04-10 01:35:02.308,477,0
2025-04-10 01:35:02.350,478,0
2025-04-10 01:35:02.405,479,0
2025-04-10 01:35:02.479,480,0
2025-04-10 01:35:02.566,481,0
2025-04-10 01:35:02.594,482,4
2025-04-10 01:35:02.612,483,0
2025-04-10 01:35:02.697,484,0
2025-04-10 01:35:02.761,485,0
2025-04-10 01:35:02.836,486,10
2025-04-10 01:35:02.879,487,0
2025-04-10 01:35:02.951,488,0
2025-04-10 01:35:03.037,489,0
2025-04-10 01:35:03.077,490,0
2025-04-10 01:35:03.134,491,0
2025-04-10 01:35:03.158,492,0
2025-04-10 01:35:03.199,493,0
2025-04-10 01:35:03.272,494,4
2025-04-10 01:35:03.348,495,0
2025-04-10 01:35:03.428,496,0
2025-04-10 01:35:03.482,497,0
2025-04-10 01:35:03.578,498,0
2025-04-10 01:35:03.667,499,0
2025-04-10 01:35:03.776,500,4
2025-04-10 01:35:03.865,501,0
2025-04-10 01:35:03.917,502,4
2025-04-10 01:35:04.014,503,10
2025-04-10 01:35:04.130,504,0
2025-04-10 01:35:04.208,505,0
2025-04-10 01:35:04.268,506,0
2025-04-10 01:35:04.310,507,0
2025-04-10 01:35:04.393,508,0
2025-04-10 01:35:04.480,509,0
2025-04-10 01:35:04.505,510,10
2025-04-10 01:35:04.524,511,0
2025-04-10 01:35:04.596,512,0
2025-04-10 01:35:04.623,513,5
2025-04-10 01:35:04.639,514,0
2025-04-10 01:35:04.700,515,4
2025-04-10 01:35:04.749,516,0
2025-04-10 01:35:04.829,517,0
2025-04-10 01:35:04.864,518,4
2025-04-10 01:35:04.959,519,4
2025-04-10 01:35:04.973,520,0
2025-04-10 01:35:05.033,521,0
2025-04-10 01:35:05.117,522,0
2025-04-10 01:35:05.182,523,0
2025-04-10 01:35:05.239,524,0
2025-04-10 01:35:05.284,525,0
2025-04-10 01:35:05.347,526,4
2025-04-10 01:35:05.424,527,0
2025-04-10 01:35:05.470,528,0
2025-04-10 01:35:05.509,529,0
2025-04-10 01:35:05.582,530,0
2025-04-10 01:35:05.677,531,0
2025-04-10 01:35:05.769,532,0
2025-04-10 01:35:05.787,533,0
2025-04-10 01:35:05.834,534,0
2025-04-10 01:35:05.884,535,0
2025-04-10 01:35:05.934,536,0
2025-04-10 01:35:06.001,537,0
2025-04-10 01:35:06.089,538,10
2025-04-10 01:35:06.114,539,4
2025-04-10 01:35:06.149,540,0
2025-04-10 01:35:06.210,541,0
2025-04-10 01:35:06.304,542,0
2025-04-10 01:35:06.401,543,0
2025-04-10 01:35:06.462,544,0
2025-04-10 01:35:06.489,545,4
2025-04-10 01:35:06.574,546,0
2025-04-10 01:35:06.609,547,0
2025-04-10 01:35:06.723,548,0
2025-04-10 01:35:06.746,549,0
2025-04-10 01:35:06.783,550,0
2025-04-10 01:35:06.824,551,0
2025-04-10 01:35:06.859,552,0
2025-04-10 01:35:06.890,553,0
2025-04-10 01:35:06.945,554,0
2025-04-10 01:35:06.981,555,0
2025-04-10 01:35:06.994,556,2
2025-04-10 01:35:07.069,557,0
2025-04-10 01:35:07.114,558,0
2025-04-10 01:35:07.181,559,0
2025-04-10 01:35:07.198,560,0
2025-04-10 01:35:07.245,561,0
2025-04-10 01:35:07.277,562,0
2025-04-10 01:35:07.306,563,0
2025-04-10 01:35:07.329,564,0
2025-04-10 01:35:07.353,565,0
2025-04-10 01:35:07.429,566,0
2025-04-10 01:35:07.488,567,0
2025-04-10 01:35:07.506,568,0
2025-04-10 01:35:07.586,569,0
2025-04-10 01:35:07.667,570,0
2025-04-10 01:35:07.726,571,0
2025-04-10 01:35:07.803,572,4
2025-04-10 01:35:07.827,573,0
2025-04-10 01:35:07.872,574,0
2025-04-10 01:35:07.976,575,0
2025-04-10 01:35:08.060,576,0
2025-04-10 01:35:08.086,577,4
2025-04-10 01:35:08.147,578,10
2025-04-10 01:35:08.216,579,4
2025-04-10 01:35:08.270,580,0
2025-04-10 01:35:08.296,581,0
2025-04-10 01:35:08.386,582,2
2025-04-10 01:35:08.483,583,0
2025-04-10 01:35:08.579,584,0
2025-04-10 01:35:08.601,585,4
2025-04-10 01:35:08.658,586,0
2025-04-10 01:35:08.674,587,0
2025-04-10 01:35:08.707,588,0
2025-04-10 01:35:08.724,589,0
2025-04-10 01:35:08.815,590,0
2025-04-10 01:35:08.863,591,0
2025-04-10 01:35:08.893,592,0
2025-04-10 01:35:08.924,593,0
2025-04-10 01:35:08.971,594,0
2025-04-10 01:35:09.020,595,4
2025-04-10 01:35:09.081,596,0
2025-04-10 01:35:09.130,597,10
2025-04-10 01:35:09.180,598,0
2025-04-10 01:35:09.255,599,0
2025-04-10 01:35:09.289,600,0
2025-04-10 01:35:09.307,601,0
2025-04-10 01:35:09.365,602,0
2025-04-10 01:35:09.460,603,0
2025-04-10 01:35:09.486,604,0
2025-04-10 01:35:09.547,605,0
2025-04-10 01:35:09.583,606,10
2025-04-10 01:35:09.606,607,0
2025-04-10 01:35:09.673,608,0
2025-04-10 01:35:09.719,609,0
2025-04-10 01:35:09.775,610,0
2025-04-10 01:35:09.798,611,4
2025-04-10 01:35:09.822,612,0
2025-04-10 01:35:09.865,613,0
2025-04-10 01:35:09.932,614,0
2025-04-10 01:35:09.985,615,0
2025-04-10 01:35:10.025,616,0
2025-04-10 01:35:10.082,617,0
2025-04-10 01:35:10.097,618,0
2025-04-10 01:35:10.170,619,0
2025-04-10 01:35:10.221,620,0
2025-04-10 01:35:10.294,621,2
2025-04-10 01:35:10.362,622,4
2025-04-10 01:35:10.396,623,0
2025-04-10 01:35:10.471,624,0
2025-04-10 01:35:10.580,625,0
2025-04-10 01:35:10.636,626,0
2025-04-10 01:35:10.736,627,0
2025-04-10 01:35:10.785,628,2
2025-04-10 01:35:10.806,629,0
2025-04-10 01:35:10.831,630,10
2025-04-10 01:35:10.917,631,0
2025-04-10 01:35:10.968,632,0
2025-04-10 01:35:11.004,633,0
2025-04-10 01:35:11.094,634,10
2025-04-10 01:35:11.161,635,0
2025-04-10 01:35:11.198,636,10
2025-04-10 01:35:11.222,637,0
2025-04-10 01:35:11.320,638,0
2025-04-10 01:35:11.374,639,2
2025-04-10 01:35:11.438,640,0
2025-04-10 01:35:11.514,641,0
2025-04-10 01:35:11.553,642,0
2025-04-10 01:35:11.650,643,4
2025-04-10 01:35:11.718,644,0
2025-04-10 01:35:11.784,645,0
2025-04-10 01:35:11.804,646,0
2025-04-10 01:35:11.832,647,0
2025-04-10 01:35:11.863,648,0
2025-04-10 01:35:11.944,649,0
2025-04-10 01:35:11.988,650,0
2025-04-10 01:35:12.014,651,0
2025-04-10 01:35:12.058,652,0
2025-04-10 01:35:12.088,653,4
2025-04-10 01:35:12.127,654,0
2025-04-10 01:35:12.210,655,0
2025-04-10 01:35:12.298,656,0
2025-04-10 01:35:12.378,657,0
2025-04-10 01:35:12.467,658,0
2025-04-10 01:35:12.561,659,4
2025-04-10 01:35:12.586,660,0
2025-04-10 01:35:12.610,661,0
2025-04-10 01:35:12.654,662,0
2025-04-10 01:35:12.670,663,0
2025-04-10 01:35:12.743,664,0
2025-04-10 01:35:12.842,665,0
2025-04-10 01:35:12.899,666,0
2025-04-10 01:35:12.956,667,0
2025-04-10 01:35:12.997,668,0
2025-04-10 01:35:13.049,669,0
2025-04-10 01:35:13.128,670,0
2025-04-10 01:35:13.229,671,10
2025-04-10 01:35:13.299,672,0
2025-04-10 01:35:13.367,673,0
2025-04-10 01:35:13.433,674,0
2025-04-10 01:35:13.490,675,0
2025-04-10 01:35:13.514,676,1
2025-04-10 01:35:13.597,677,0
2025-04-10 01:35:13.630,678,0
2025-04-10 01:35:13.680,679,0
2025-04-10 01:35:13.778,680,0
2025-04-10 01:35:13.892,681,10
2025-04-10 01:35:13.977,682,0
2025-04-10 01:35:14.004,683,0
2025-04-10 01:35:14.022,684,0
2025-04-10 01:35:14.062,685,0
2025-04-10 01:35:14.117,686,0
2025-04-10 01:35:14.149,687,10
2025-04-10 01:35:14.162,688,0
2025-04-10 01:35:14.213,689,0
2025-04-10 01:35:14.272,690,0
2025-04-10 01:35:14.428,691,0
2025-04-10 01:35:14.458,692,0
2025-04-10 01:35:14.511,693,0
2025-04-10 01:35:14.533,694,0
2025-04-10 01:35:14.550,695,0
2025-04-10 01:35:14.595,696,0
2025-04-10 01:35:14.616,697,0
2025-04-10 01:35:14.678,698,0
2025-04-10 01:35:14.706,699,0
2025-04-10 01:35:14.747,700,0
2025-04-10 01:35:14.801,701,0
2025-04-10 01:35:14.842,702,0
2025-04-10 01:35:14.946,703,0
2025-04-10 01:35:14.958,704,0
2025-04-10 01:35:15.006,705,0
2025-04-10 01:35:15.034,706,0
2025-04-10 01:35:15.115,707,0
2025-04-10 01:35:15.134,708,0
2025-04-10 01:35:15.214,709,0
2025-04-10 01:35:15.250,710,0
2025-04-10 01:35:15.273,711,10
2025-04-10 01:35:15.364,712,0
2025-04-10 01:35:15.444,713,0
2025-04-10 01:35:15.501,714,0
2025-04-10 01:35:15.584,715,0
2025-04-10 01:35:15.672,716,0
2025-04-10 01:35:15.711,717,0
2025-04-10 01:35:15.758,718,0
2025-04-10 01:35:15.856,719,2
2025-04-10 01:35:15.949,720,0
2025-04-10 01:35:16.044,721,0
2025-04-10 01:35:16.069,722,0
2025-04-10 01:35:16.122,723,0
2025-04-10 01:35:16.194,724,0
2025-04-10 01:35:16.279,725,0
2025-04-10 01:35:16.316,726,0
2025-04-10 01:35:16.377,727,0
2025-04-10 01:35:16.428,728,0
2025-04-10 01:35:16.496,729,0
2025-04-10 01:35:16.540,730,10
2025-04-10 01:35:16.582,731,0
2025-04-10 01:35:16.617,732,0
2025-04-10 01:35:16.639,733,4
2025-04-10 01:35:16.666,734,0
2025-04-10 01:35:16.727,735,0
2025-04-10 01:35:16.785,736,10
2025-04-10 01:35:16.881,737,0
2025-04-10 01:35:16.996,738,0
2025-04-10 01:35:17.031,739,0
2025-04-10 01:35:17.094,740,0
2025-04-10 01:35:17.136,741,10
2025-04-10 01:35:17.163,742,0
2025-04-10 01:35:17.193,743,0
2025-04-10 01:35:17.217,744,0
2025-04-10 01:35:17.263,745,2
2025-04-10 01:35:17.338,746,0
2025-04-10 01:35:17.395,747,0
2025-04-10 01:35:17.487,748,0
2025-04-10 01:35:17.574,749,0
2025-04-10 01:35:17.598,750,0
2025-04-10 01:35:17.671,751,0
2025-04-10 01:35:17.739,752,0
2025-04-10 01:35:17.836,753,4
2025-04-10 01:35:17.879,754,0
2025-04-10 01:35:17.934,755,0
2025-04-10 01:35:18.031,756,10
2025-04-10 01:35:18.105,757,0
2025-04-10 01:35:18.129,758,0
2025-04-10 01:35:18.156,759,0
2025-04-10 01:35:18.272,760,0
2025-04-10 01:35:18.343,761,4
2025-04-10 01:35:18.426,762,0
2025-04-10 01:35:18.466,763,0
2025-04-10 01:35:18.571,764,0
2025-04-10 01:35:18.660,765,0
2025-04-10 01:35:18.713,766,0
2025-04-10 01:35:18.790,767,0
2025-04-10 01:35:18.827,768,4
2025-04-10 01:35:18.909,769,0
2025-04-10 01:35:18.986,770,0
2025-04-10 01:35:19.073,771,0
2025-04-10 01:35:19.140,772,4
2025-04-10 01:35:19.200,773,0
2025-04-10 01:35:19.265,774,0
2025-04-10 01:35:19.347,775,0
2025-04-10 01:35:19.392,776,0
2025-04-10 01:35:19.509,777,4
2025-04-10 01:35:19.557,778,0
2025-04-10 01:35:19.572,779,0
2025-04-10 01:35:19.600,780,0
2025-04-10 01:35:19.672,781,0
2025-04-10 01:35:19.690,782,4
2025-04-10 01:35:19.728,783,0
2025-04-10 01:35:19.782,784,4
2025-04-10 01:35:19.862,785,0
2025-04-10 01:35:19.932,786,0
2025-04-10 01:35:19.970,787,0
2025-04-10 01:35:20.068,788,0
2025-04-10 01:35:20.139,789,0
2025-04-10 01:35:20.198,790,0
2025-04-10 01:35:20.267,791,0
2025-04-10 01:35:20.308,792,0
2025-04-10 01:35:20.400,793,0
2025-04-10 01:35:20.475,794,0
2025-04-10 01:35:20.520,795,0
2025-04-10 01:35:20.552,796,0
2025-04-10 01:35:20.583,797,10
2025-04-10 01:35:20.628,798,0
2025-04-10 01:35:20.652,799,2
2025-04-10 01:35:20.686,800,0
2025-04-10 01:35:20.742,801,0
2025-04-10 01:35:20.786,802,2
2025-04-10 01:35:20.816,803,0
2025-04-10 01:35:20.864,804,0
2025-04-10 01:35:20.948,805,0
2025-04-10 01:35:20.999,806,10
2025-04-10 01:35:21.022,807,0
2025-04-10 01:35:21.095,808,4
2025-04-10 01:35:21.127,809,2
2025-04-10 01:35:21.210,810,11
2025-04-10 01:35:21.240,811,0
2025-04-10 01:35:21.260,812,0
2025-04-10 01:35:21.348,813,0
2025-04-10 01:35:21.426,814,10
2025-04-10 01:35:21.472,815,2
2025-04-10 01:35:21.486,816,0
2025-04-10 01:35:21.541,817,0
2025-04-10 01:35:21.632,818,10
2025-04-10 01:35:21.669,819,0
2025-04-10 01:35:21.707,820,0
2025-04-10 01:35:21.806,821,0
2025-04-10 01:35:21.834,822,0
2025-04-10 01:35:21.862,823,0
2025-04-10 01:35:21.926,824,0
2025-04-10 01:35:21.955,825,0
2025-04-10 01:35:22.013,826,0
2025-04-10 01:35:22.113,827,0
2025-04-10 01:35:22.180,828,0
2025-04-10 01:35:22.235,829,10
2025-04-10 01:35:22.311,830,0
2025-04-10 01:35:22.390,831,0
2025-04-10 01:35:22.471,832,10
2025-04-10 01:35:22.535,833,10
2025-04-10 01:35:22.566,834,0
2025-04-10 01:35:22.593,835,0
2025-04-10 01:35:22.650,836,4
2025-04-10 01:35:22.695,837,4
2025-04-10 01:35:22.717,838,0
2025-04-10 01:35:22.772,839,0
2025-04-10 01:35:22.891,840,0
2025-04-10 01:35:22.958,841,0
2025-04-10 01:35:22.990,842,0
2025-04-10 01:35:23.060,843,0
2025-04-10 01:35:23.153,844,2
2025-04-10 01:35:23.190,845,0
2025-04-10 01:35:23.201,846,0
2025-04-10 01:35:23.302,847,0
2025-04-10 01:35:23.411,848,0
2025-04-10 01:35:23.430,849,0
2025-04-10 01:35:23.467,850,0
2025-04-10 01:35:23.482,851,0
2025-04-10 01:35:23.562,852,0
2025-04-10 01:35:23.650,853,0
2025-04-10 01:35:23.707,854,0
2025-04-10 01:35:23.778,855,0
2025-04-10 01:35:23.814,856,0
2025-04-10 01:35:23.904,857,0
2025-04-10 01:35:23.926,858,0
2025-04-10 01:35:23.980,859,0
2025-04-10 01:35:24.021,860,0
2025-04-10 01:35:24.076,861,0
2025-04-10 01:35:24.132,862,0
2025-04-10 01:35:24.229,863,0
2025-04-10 01:35:24.293,864,0
2025-04-10 01:35:24.314,865,7
2025-04-10 01:35:24.336,866,0
2025-04-10 01:35:24.399,867,0
2025-04-10 01:35:24.492,868,0
2025-04-10 01:35:24.508,869,0
2025-04-10 01:35:24.553,870,0
2025-04-10 01:35:24.611,871,0
2025-04-10 01:35:24.657,872,0
2025-04-10 01:35:24.743,873,0
2025-04-10 01:35:24.820,874,0
2025-04-10 01:35:24.867,875,0
2025-04-10 01:35:24.940,876,0
2025-04-10 01:35:25.031,877,0
2025-04-10 01:35:25.100,878,0
2025-04-10 01:35:25.140,879,0
2025-04-10 01:35:25.227,880,0
2025-04-10 01:35:25.276,881,0
2025-04-10 01:35:25.333,882,4
2025-04-10 01:35:25.386,883,0
2025-04-10 01:35:25.431,884,0
2025-04-10 01:35:25.459,885,0
2025-04-10 01:35:25.483,886,0
2025-04-10 01:35:25.556,887,4
2025-04-10 01:35:25.609,888,0
2025-04-10 01:35:25.689,889,0
2025-04-10 01:35:25.744,890,0
2025-04-10 01:35:25.828,891,0
2025-04-10 01:35:25.867,892,0
2025-04-10 01:35:25.912,893,0
2025-04-10 01:35:25.949,894,0
2025-04-10 01:35:25.969,895,4
2025-04-10 01:35:26.053,896,10
2025-04-10 01:35:26.151,897,0
2025-04-10 01:35:26.197,898,0
2025-04-10 01:35:26.245,899,0
2025-04-10 01:35:26.303,900,0
2025-04-10 01:35:26.395,901,0
2025-04-10 01:35:26.488,902,0
2025-04-10 01:35:26.577,903,0
2025-04-10 01:35:26.617,904,10
2025-04-10 01:35:26.699,905,0
2025-04-10 01:35:26.773,906,0
2025-04-10 01:35:26.853,907,0
2025-04-10 01:35:26.920,908,0
2025-04-10 01:35:26.949,909,0
2025-04-10 01:35:26.979,910,4
2025-04-10 01:35:27.048,911,0
2025-04-10 01:35:27.139,912,0
2025-04-10 01:35:27.189,913,2
2025-04-10 01:35:27.249,914,0
2025-04-10 01:35:27.347,915,4
2025-04-10 01:35:27.400,916,0
2025-04-10 01:35:27.478,917,0
2025-04-10 01:35:27.552,918,0
2025-04-10 01:35:27.607,919,0
2025-04-10 01:35:27.655,920,0
2025-04-10 01:35:27.696,921,0
2025-04-10 01:35:27.753,922,0
2025-04-10 01:35:27.780,923,0
2025-04-10 01:35:27.798,924,10
2025-04-10 01:35:27.859,925,0
2025-04-10 01:35:27.876,926,0
2025-04-10 01:35:27.913,927,0
2025-04-10 01:35:27.952,928,0
2025-04-10 01:35:28.035,929,4
2025-04-10 01:35:28.105,930,0
2025-04-10 01:35:28.158,931,0
2025-04-10 01:35:28.248,932,0
2025-04-10 01:35:28.346,933,0
2025-04-10 01:35:28.378,934,0
2025-04-10 01:35:28.463,935,0
2025-04-10 01:35:28.564,936,0
2025-04-10 01:35:28.634,937,0
2025-04-10 01:35:28.648,938,4
2025-04-10 01:35:28.747,939,0
2025-04-10 01:35:28.818,940,0
2025-04-10 01:35:28.899,941,0
2025-04-10 01:35:28.952,942,0
2025-04-10 01:35:28.992,943,0
2025-04-10 01:35:29.097,944,0
2025-04-10 01:35:29.154,945,0
2025-04-10 01:35:29.178,946,4
2025-04-10 01:35:29.207,947,0
2025-04-10 01:35:29.256,948,0
2025-04-10 01:35:29.336,949,4
2025-04-10 01:35:29.363,950,0
2025-04-10 01:35:29.410,951,0
2025-04-10 01:35:29.486,952,4
2025-04-10 01:35:29.579,953,2
2025-04-10 01:35:29.680,954,0
2025-04-10 01:35:29.725,955,0
2025-04-10 01:35:29.768,956,0
2025-04-10 01:35:29.879,957,0
2025-04-10 01:35:29.911,958,0
2025-04-10 01:35:29.938,959,0
2025-04-10 01:35:29.959,960,0
2025-04-10 01:35:30.058,961,0
2025-04-10 01:35:30.115,962,0
2025-04-10 01:35:30.200,963,4
2025-04-10 01:35:30.226,964,0
2025-04-10 01:35:30.300,965,0
2025-04-10 01:35:30.352,966,0
2025-04-10 01:35:30.417,967,0
2025-04-10 01:35:30.469,968,0
2025-04-10 01:35:30.540,969,0
2025-04-10 01:35:30.637,970,5
2025-04-10 01:35:30.694,971,0
2025-04-10 01:35:30.794,972,0
2025-04-10 01:35:30.880,973,2
2025-04-10 01:35:30.967,974,0
2025-04-10 01:35:31.069,975,0
2025-04-10 01:35:31.165,976,0
2025-04-10 01:35:31.213,977,0
2025-04-10 01:35:31.230,978,0
2025-04-10 01:35:31.283,979,0
2025-04-10 01:35:31.347,980,0
2025-04-10 01:35:31.369,981,0
2025-04-10 01:35:31.387,982,0
2025-04-10 01:35:31.454,983,0
2025-04-10 01:35:31.545,984,0
2025-04-10 01:35:31.613,985,10
2025-04-10 01:35:31.682,986,0
2025-04-10 01:35:31.722,987,0
2025-04-10 01:35:31.795,988,0
2025-04-10 01:35:31.852,989,0
2025-04-10 01:35:31.902,990,0
2025-04-10 01:35:31.979,991,4
2025-04-10 01:35:32.030,992,0
2025-04-10 01:35:32.105,993,0
2025-04-10 01:35:32.155,994,4
2025-04-10 01:35:32.228,995,0
2025-04-10 01:35:32.267,996,4
2025-04-10 01:35:32.367,997,0
2025-04-10 01:35:32.432,998,3
2025-04-10 01:35:32.503,999,0
2025-04-10 01:35:32.553,1000,0
2025-04-10 01:35:32.610,1001,0
2025-04-10 01:35:32.627,1002,0
2025-04-10 01:35:32.665,1003,0
2025-04-10 01:35:32.744,1004,0
2025-04-10 01:35:32.843,1005,2
2025-04-10 01:35:32.888,1006,0
2025-04-10 01:35:32.983,1007,0
2025-04-10 01:35:33.083,1008,0
2025-04-10 01:35:33.121,1009,0
2025-04-10 01:35:33.140,1010,0
2025-04-10 01:35:33.170,1011,0
2025-04-10 01:35:33.253,1012,0
2025-04-10 01:35:33.320,1013,2
2025-04-10 01:35:33.385,1014,0
2025-04-10 01:35:33.416,1015,10
2025-04-10 01:35:33.442,1016,0
2025-04-10 01:35:33.494,1017,0
2025-04-10 01:35:33.520,1018,4
2025-04-10 01:35:33.557,1019,0
2025-04-10 01:35:33.573,1020,10
2025-04-10 01:35:33.661,1021,0
2025-04-10 01:35:33.749,1022,0
2025-04-10 01:35:33.806,1023,0
2025-04-10 01:35:33.881,1024,0
2025-04-10 01:35:33.960,1025,0
2025-04-10 01:35:33.986,1026,0
2025-04-10 01:35:34.048,1027,0
2025-04-10 01:35:34.101,1028,0
2025-04-10 01:35:34.181,1029,4
2025-04-10 01:35:34.270,1030,0
2025-04-10 01:35:34.319,1031,12
2025-04-10 01:35:34.400,1032,0
2025-04-10 01:35:34.488,1033,0
2025-04-10 01:35:34.509,1034,0
2025-04-10 01:35:34.535,1035,0
2025-04-10 01:35:34.606,1036,0
2025-04-10 01:35:34.689,1037,0
2025-04-10 01:35:34.722,1038,0
2025-04-10 01:35:34.735,1039,4
2025-04-10 01:35:34.748,1040,0
2025-04-10 01:35:34.780,1041,10
2025-04-10 01:35:34.836,1042,0
2025-04-10 01:35:34.950,1043,6
2025-04-10 01:35:35.056,1044,0
2025-04-10 01:35:35.077,1045,0
2025-04-10 01:35:35.164,1046,0
2025-04-10 01:35:35.241,1047,0
2025-04-10 01:35:35.258,1048,4
2025-04-10 01:35:35.311,1049,0
2025-04-10 01:35:35.402,1050,0
2025-04-10 01:35:35.426,1051,10
2025-04-10 01:35:35.521,1052,0
2025-04-10 01:35:35.572,1053,0
2025-04-10 01:35:35.639,1054,0
2025-04-10 01:35:35.733,1055,7
2025-04-10 01:35:35.832,1056,10
2025-04-10 01:35:35.876,1057,0
2025-04-10 01:35:35.923,1058,0
2025-04-10 01:35:35.950,1059,0
2025-04-10 01:35:35.997,1060,0
2025-04-10 01:35:36.054,1061,0
2025-04-10 01:35:36.108,1062,0
2025-04-10 01:35:36.175,1063,0
2025-04-10 01:35:36.201,1064,0
2025-04-10 01:35:36.245,1065,0
2025-04-10 01:35:36.340,1066,0
2025-04-10 01:35:36.388,1067,0
2025-04-10 01:35:36.438,1068,0
2025-04-10 01:35:36.484,1069,0
2025-04-10 01:35:36.534,1070,4
2025-04-10 01:35:36.603,1071,4
2025-04-10 01:35:36.626,1072,0
2025-04-10 01:35:36.644,1073,0
2025-04-10 01:35:36.707,1074,0
2025-04-10 01:35:36.753,1075,2
2025-04-10 01:35:36.823,1076,0
2025-04-10 01:35:36.902,1077,0
2025-04-10 01:35:36.977,1078,0
2025-04-10 01:35:37.015,1079,0
2025-04-10 01:35:37.115,1080,0
2025-04-10 01:35:37.127,1081,0
2025-04-10 01:35:37.201,1082,0
2025-04-10 01:35:37.241,1083,0
2025-04-10 01:35:37.313,1084,0
2025-04-10 01:35:37.371,1085,0
2025-04-10 01:35:37.416,1086,0
2025-04-10 01:35:37.486,1087,0
2025-04-10 01:35:37.577,1088,0
2025-04-10 01:35:37.640,1089,4
2025-04-10 01:35:37.733,1090,0
2025-04-10 01:35:37.821,1091,0
2025-04-10 01:35:37.914,1092,10
2025-04-10 01:35:37.974,1093,0
2025-04-10 01:35:38.033,1094,0
2025-04-10 01:35:38.091,1095,0
2025-04-10 01:35:38.151,1096,10
2025-04-10 01:35:38.195,1097,0
2025-04-10 01:35:38.253,1098,0
2025-04-10 01:35:38.296,1099,2
2025-04-10 01:35:38.338,1100,0
2025-04-10 01:35:38.370,1101,0
2025-04-10 01:35:38.457,1102,4
2025-04-10 01:35:38.533,1103,0
2025-04-10 01:35:38.612,1104,0
2025-04-10 01:35:38.683,1105,4
2025-04-10 01:35:38.764,1106,0
2025-04-10 01:35:38.781,1107,2
2025-04-10 01:35:38.837,1108,0
2025-04-10 01:35:38.897,1109,0
2025-04-10 01:35:38.964,1110,0
2025-04-10 01:35:39.036,1111,0
2025-04-10 01:35:39.076,1112,0
2025-04-10 01:35:39.106,1113,0
2025-04-10 01:35:39.174,1114,0
2025-04-10 01:35:39.258,1115,0
2025-04-10 01:35:39.273,1116,0
2025-04-10 01:35:39.344,1117,0
2025-04-10 01:35:39.413,1118,0
2025-04-10 01:35:39.479,1119,10
2025-04-10 01:35:39.516,1120,10
2025-04-10 01:35:39.604,1121,0
2025-04-10 01:35:39.671,1122,0
2025-04-10 01:35:39.769,1123,4
2025-04-10 01:35:39.831,1124,0
2025-04-10 01:35:39.910,1125,0
2025-04-10 01:35:40.011,1126,0
2025-04-10 01:35:40.055,1127,0
2025-04-10 01:35:40.091,1128,0
2025-04-10 01:35:40.171,1129,0
2025-04-10 01:35:40.216,1130,0
2025-04-10 01:35:40.278,1131,0
2025-04-10 01:35:40.385,1132,0
2025-04-10 01:35:40.457,1133,0
2025-04-10 01:35:40.554,1134,0
2025-04-10 01:35:40.612,1135,0
2025-04-10 01:35:40.656,1136,0
2025-04-10 01:35:40.687,1137,0
2025-04-10 01:35:40.744,1138,0
2025-04-10 01:35:40.805,1139,0
2025-04-10 01:35:40.871,1140,0
2025-04-10 01:35:40.946,1141,0
2025-04-10 01:35:40.972,1142,0
2025-04-10 01:35:41.011,1143,0
2025-04-10 01:35:41.056,1144,0
2025-04-10 01:35:41.118,1145,0
2025-04-10 01:35:41.133,1146,10
2025-04-10 01:35:41.160,1147,0
2025-04-10 01:35:41.181,1148,2
2025-04-10 01:35:41.214,1149,0
2025-04-10 01:35:41.241,1150,0
2025-04-10 01:35:41.325,1151,0
2025-04-10 01:35:41.382,1152,0
2025-04-10 01:35:41.402,1153,0
2025-04-10 01:35:41.507,1154,0
2025-04-10 01:35:41.550,1155,0
2025-04-10 01:35:41.678,1156,0
2025-04-10 01:35:41.770,1157,4
2025-04-10 01:35:41.813,1158,0
2025-04-10 01:35:41.859,1159,0
2025-04-10 01:35:41.948,1160,4
2025-04-10 01:35:42.045,1161,0
2025-04-10 01:35:42.111,1162,0
2025-04-10 01:35:42.203,1163,0
2025-04-10 01:35:42.246,1164,0
2025-04-10 01:35:42.267,1165,10
2025-04-10 01:35:42.325,1166,0
2025-04-10 01:35:42.391,1167,4
2025-04-10 01:35:42.458,1168,0
2025-04-10 01:35:42.562,1169,2
2025-04-10 01:35:42.593,1170,10
2025-04-10 01:35:42.645,1171,4
2025-04-10 01:35:42.741,1172,10
2025-04-10 01:35:42.805,1173,0
2025-04-10 01:35:42.903,1174,10
2025-04-10 01:35:42.929,1175,4
2025-04-10 01:35:42.977,1176,0
2025-04-10 01:35:43.077,1177,0
2025-04-10 01:35:43.113,1178,0
2025-04-10 01:35:43.167,1179,0
2025-04-10 01:35:43.252,1180,0
2025-04-10 01:35:43.283,1181,0
2025-04-10 01:35:43.328,1182,0
2025-04-10 01:35:43.351,1183,0
2025-04-10 01:35:43.366,1184,0
2025-04-10 01:35:43.439,1185,0
2025-04-10 01:35:43.510,1186,0
2025-04-10 01:35:43.595,1187,4
2025-04-10 01:35:43.697,1188,0
2025-04-10 01:35:43.720,1189,0
2025-04-10 01:35:43.769,1190,0
2025-04-10 01:35:43.859,1191,0
2025-04-10 01:35:43.956,1192,0
2025-04-10 01:35:44.029,1193,0
2025-04-10 01:35:44.101,1194,0
2025-04-10 01:35:44.146,1195,0
2025-04-10 01:35:44.178,1196,0
2025-04-10 01:35:44.194,1197,0
2025-04-10 01:35:44.291,1198,0
2025-04-10 01:35:44.342,1199,0
2025-04-10 01:35:44.403,1200,0
2025-04-10 01:35:44.476,1201,0
2025-04-10 01:35:44.534,1202,0
2025-04-10 01:35:44.623,1203,0
2025-04-10 01:35:44.718,1204,0
2025-04-10 01:35:44.773,1205,0
2025-04-10 01:35:44.865,1206,0
2025-04-10 01:35:44.896,1207,4
2025-04-10 01:35:44.993,1208,0
2025-04-10 01:35:45.061,1209,4
2025-04-10 01:35:45.099,1210,0
2025-04-10 01:35:45.151,1211,4
2025-04-10 01:35:45.163,1212,0
2025-04-10 01:35:45.187,1213,0
2025-04-10 01:35:45.263,1214,0
2025-04-10 01:35:45.340,1215,0
2025-04-10 01:35:45.369,1216,0
2025-04-10 01:35:45.400,1217,0
2025-04-10 01:35:45.497,1218,0
2025-04-10 01:35:45.537,1219,0
2025-04-10 01:35:45.562,1220,0
2025-04-10 01:35:45.593,1221,0
2025-04-10 01:35:45.702,1222,0
2025-04-10 01:35:45.745,1223,0
2025-04-10 01:35:45.775,1224,0
2025-04-10 01:35:45.816,1225,0
2025-04-10 01:35:45.892,1226,0
2025-04-10 01:35:45.971,1227,0
2025-04-10 01:35:46.035,1228,0
2025-04-10 01:35:46.083,1229,0
2025-04-10 01:35:46.152,1230,0
2025-04-10 01:35:46.171,1231,0
2025-04-10 01:35:46.237,1232,0
2025-04-10 01:35:46.285,1233,2
2025-04-10 01:35:46.328,1234,0
2025-04-10 01:35:46.358,1235,0
2025-04-10 01:35:46.410,1236,0
2025-04-10 01:35:46.447,1237,0
2025-04-10 01:35:46.471,1238,0
2025-04-10 01:35:46.511,1239,0
2025-04-10 01:35:46.529,1240,0
2025-04-10 01:35:46.561,1241,4
2025-04-10 01:35:46.580,1242,0
2025-04-10 01:35:46.658,1243,0
2025-04-10 01:35:46.749,1244,0
2025-04-10 01:35:46.813,1245,4
2025-04-10 01:35:46.878,1246,0
2025-04-10 01:35:46.967,1247,2
2025-04-10 01:35:47.056,1248,10
2025-04-10 01:35:47.080,1249,10
2025-04-10 01:35:47.178,1250,10
2025-04-10 01:35:47.236,1251,0
2025-04-10 01:35:47.267,1252,0
2025-04-10 01:35:47.319,1253,0
2025-04-10 01:35:47.403,1254,0
2025-04-10 01:35:47.480,1255,0
2025-04-10 01:35:47.520,1256,0
2025-04-10 01:35:47.589,1257,0
2025-04-10 01:35:47.629,1258,0
2025-04-10 01:35:47.688,1259,0
2025-04-10 01:35:47.745,1260,4
2025-04-10 01:35:47.806,1261,0
2025-04-10 01:35:47.913,1262,10
2025-04-10 01:35:47.955,1263,0
2025-04-10 01:35:48.058,1264,0
2025-04-10 01:35:48.098,1265,10
2025-04-10 01:35:48.180,1266,0
2025-04-10 01:35:48.282,1267,2
2025-04-10 01:35:48.306,1268,0
2025-04-10 01:35:48.335,1269,0
2025-04-10 01:35:48.354,1270,0
2025-04-10 01:35:48.370,1271,10
2025-04-10 01:35:48.435,1272,0
2025-04-10 01:35:48.477,1273,0
2025-04-10 01:35:48.511,1274,0
2025-04-10 01:35:48.553,1275,0
2025-04-10 01:35:48.644,1276,0
2025-04-10 01:35:48.714,1277,0
2025-04-10 01:35:48.743,1278,4
2025-04-10 01:35:48.799,1279,0
2025-04-10 01:35:48.851,1280,0
2025-04-10 01:35:48.880,1281,4
2025-04-10 01:35:48.924,1282,0
2025-04-10 01:35:48.938,1283,4
2025-04-10 01:35:48.967,1284,0
2025-04-10 01:35:49.055,1285,4
2025-04-10 01:35:49.100,1286,0
2025-04-10 01:35:49.187,1287,0
2025-04-10 01:35:49.225,1288,0
2025-04-10 01:35:49.255,1289,0
2025-04-10 01:35:49.276,1290,0
2025-04-10 01:35:49.346,1291,2
2025-04-10 01:35:49.411,1292,0
2025-04-10 01:35:49.489,1293,2
2025-04-10 01:35:49.582,1294,0
2025-04-10 01:35:49.614,1295,0
2025-04-10 01:35:49.697,1296,0
2025-04-10 01:35:49.716,1297,0
2025-04-10 01:35:49.795,1298,0
2025-04-10 01:35:49.899,1299,4
2025-04-10 01:35:49.988,1300,0
2025-04-10 01:35:50.027,1301,0
2025-04-10 01:35:50.089,1302,10
2025-04-10 01:35:50.120,1303,2
2025-04-10 01:35:50.137,1304,0
2025-04-10 01:35:50.173,1305,0
2025-04-10 01:35:50.209,1306,0
2025-04-10 01:35:50.226,1307,0
2025-04-10 01:35:50.255,1308,4
2025-04-10 01:35:50.286,1309,0
2025-04-10 01:35:50.336,1310,10
2025-04-10 01:35:50.420,1311,0
2025-04-10 01:35:50.513,1312,0
2025-04-10 01:35:50.584,1313,0
2025-04-10 01:35:50.649,1314,0
2025-04-10 01:35:50.697,1315,0
2025-04-10 01:35:50.804,1316,0
2025-04-10 01:35:50.898,1317,0
2025-04-10 01:35:50.919,1318,3
2025-04-10 01:35:50.994,1319,0
2025-04-10 01:35:51.081,1320,0
2025-04-10 01:35:51.118,1321,14
2025-04-10 01:35:51.139,1322,0
2025-04-10 01:35:51.156,1323,0
2025-04-10 01:35:51.170,1324,4
2025-04-10 01:35:51.211,1325,0
2025-04-10 01:35:51.235,1326,0
2025-04-10 01:35:51.250,1327,0
2025-04-10 01:35:51.321,1328,0
2025-04-10 01:35:51.351,1329,0
2025-04-10 01:35:51.371,1330,10
2025-04-10 01:35:51.472,1331,0
2025-04-10 01:35:51.489,1332,0
2025-04-10 01:35:51.565,1333,0
2025-04-10 01:35:51.623,1334,0
2025-04-10 01:35:51.698,1335,0
2025-04-10 01:35:51.763,1336,0
2025-04-10 01:35:51.847,1337,0
2025-04-10 01:35:51.883,1338,4
2025-04-10 01:35:51.928,1339,0
2025-04-10 01:35:52.018,1340,0
2025-04-10 01:35:52.044,1341,0
2025-04-10 01:35:52.122,1342,0
2025-04-10 01:35:52.166,1343,0
2025-04-10 01:35:52.190,1344,0
2025-04-10 01:35:52.289,1345,0
2025-04-10 01:35:52.337,1346,0
2025-04-10 01:35:52.359,1347,0
2025-04-10 01:35:52.374,1348,0
2025-04-10 01:35:52.389,1349,0
2025-04-10 01:35:52.415,1350,0
2025-04-10 01:35:52.453,1351,0
2025-04-10 01:35:52.487,1352,0
2025-04-10 01:35:52.549,1353,0
2025-04-10 01:35:52.606,1354,0
2025-04-10 01:35:52.635,1355,0
2025-04-10 01:35:52.677,1356,0
2025-04-10 01:35:52.730,1357,0
2025-04-10 01:35:52.757,1358,0
2025-04-10 01:35:52.788,1359,0
2025-04-10 01:35:52.858,1360,0
2025-04-10 01:35:52.926,1361,0
2025-04-10 01:35:52.996,1362,0
2025-04-10 01:35:53.014,1363,0
2025-04-10 01:35:53.045,1364,0
2025-04-10 01:35:53.103,1365,0
2025-04-10 01:35:53.162,1366,0
2025-04-10 01:35:53.196,1367,4
2025-04-10 01:35:53.211,1368,0
2025-04-10 01:35:53.293,1369,0
2025-04-10 01:35:53.391,1370,4
2025-04-10 01:35:53.454,1371,0
2025-04-10 01:35:53.493,1372,0
2025-04-10 01:35:53.560,1373,0
2025-04-10 01:35:53.593,1374,0
2025-04-10 01:35:53.677,1375,0
2025-04-10 01:35:53.718,1376,0
2025-04-10 01:35:53.804,1377,0
2025-04-10 01:35:53.820,1378,2
2025-04-10 01:35:53.909,1379,0
2025-04-10 01:35:53.959,1380,0
2025-04-10 01:35:54.045,1381,10
2025-04-10 01:35:54.124,1382,0
2025-04-10 01:35:54.204,1383,0
2025-04-10 01:35:54.229,1384,0
2025-04-10 01:35:54.324,1385,0
2025-04-10 01:35:54.355,1386,0
2025-04-10 01:35:54.449,1387,0
2025-04-10 01:35:54.540,1388,0
2025-04-10 01:35:54.563,1389,0
2025-04-10 01:35:54.615,1390,0
2025-04-10 01:35:54.697,1391,0
2025-04-10 01:35:54.725,1392,0
2025-04-10 01:35:54.766,1393,2
2025-04-10 01:35:54.822,1394,0
2025-04-10 01:35:54.907,1395,0
2025-04-10 01:35:54.987,1396,0
2025-04-10 01:35:55.081,1397,4
2025-04-10 01:35:55.183,1398,0
2025-04-10 01:35:55.243,1399,5
2025-04-10 01:35:55.315,1400,0
2025-04-10 01:35:55.384,1401,0
2025-04-10 01:35:55.458,1402,0
2025-04-10 01:35:55.494,1403,0
2025-04-10 01:35:55.542,1404,10
2025-04-10 01:35:55.628,1405,0
2025-04-10 01:35:55.662,1406,0
2025-04-10 01:35:55.743,1407,0
2025-04-10 01:35:55.788,1408,0
2025-04-10 01:35:55.824,1409,0
2025-04-10 01:35:55.913,1410,0
2025-04-10 01:35:55.994,1411,0
2025-04-10 01:35:56.095,1412,0
2025-04-10 01:35:56.187,1413,0
2025-04-10 01:35:56.287,1414,0
2025-04-10 01:35:56.343,1415,0
2025-04-10 01:35:56.366,1416,0
2025-04-10 01:35:56.415,1417,0
2025-04-10 01:35:56.476,1418,0
2025-04-10 01:35:56.509,1419,0
2025-04-10 01:35:56.544,1420,3
2025-04-10 01:35:56.633,1421,0
2025-04-10 01:35:56.664,1422,0
2025-04-10 01:35:56.693,1423,4
2025-04-10 01:35:56.744,1424,0
2025-04-10 01:35:56.757,1425,0
2025-04-10 01:35:56.783,1426,0
2025-04-10 01:35:56.830,1427,0
2025-04-10 01:35:56.891,1428,0
2025-04-10 01:35:56.950,1429,0
2025-04-10 01:35:57.019,1430,4
2025-04-10 01:35:57.036,1431,0
2025-04-10 01:35:57.055,1432,0
2025-04-10 01:35:57.141,1433,0
2025-04-10 01:35:57.198,1434,0
2025-04-10 01:35:57.252,1435,2
2025-04-10 01:35:57.352,1436,0
2025-04-10 01:35:57.452,1437,0
2025-04-10 01:35:57.524,1438,0
2025-04-10 01:35:57.562,1439,0
2025-04-10 01:35:57.636,1440,0
2025-04-10 01:35:57.719,1441,2
2025-04-10 01:35:57.827,1442,0
2025-04-10 01:35:57.891,1443,0
2025-04-10 01:35:57.979,1444,0
2025-04-10 01:35:58.031,1445,0
2025-04-10 01:35:58.115,1446,0
2025-04-10 01:35:58.138,1447,0
2025-04-10 01:35:58.176,1448,0
2025-04-10 01:35:58.252,1449,0
2025-04-10 01:35:58.313,1450,10
2025-04-10 01:35:58.384,1451,0
2025-04-10 01:35:58.420,1452,0
2025-04-10 01:35:58.517,1453,0
2025-04-10 01:35:58.541,1454,0
2025-04-10 01:35:58.571,1455,2
2025-04-10 01:35:58.600,1456,0
2025-04-10 01:35:58.650,1457,0
2025-04-10 01:35:58.734,1458,0
2025-04-10 01:35:58.800,1459,10
2025-04-10 01:35:58.826,1460,0
2025-04-10 01:35:58.854,1461,0
2025-04-10 01:35:58.891,1462,0
2025-04-10 01:35:58.945,1463,0
2025-04-10 01:35:58.966,1464,0
2025-04-10 01:35:59.022,1465,0
2025-04-10 01:35:59.090,1466,0
2025-04-10 01:35:59.107,1467,0
2025-04-10 01:35:59.172,1468,0
2025-04-10 01:35:59.262,1469,0
2025-04-10 01:35:59.341,1470,0
2025-04-10 01:35:59.404,1471,10
2025-04-10 01:35:59.507,1472,0
2025-04-10 01:35:59.545,1473,10
2025-04-10 01:35:59.651,1474,0
2025-04-10 01:35:59.678,1475,10
2025-04-10 01:35:59.725,1476,0
2025-04-10 01:35:59.808,1477,0
2025-04-10 01:35:59.888,1478,0
2025-04-10 01:35:59.905,1479,0
2025-04-10 01:35:59.933,1480,4
2025-04-10 01:36:00.024,1481,0
2025-04-10 01:36:00.084,1482,0
2025-04-10 01:36:00.160,1483,0
2025-04-10 01:36:00.254,1484,0
2025-04-10 01:36:00.332,1485,0
2025-04-10 01:36:00.412,1486,2
2025-04-10 01:36:00.454,1487,0
2025-04-10 01:36:00.512,1488,0
2025-04-10 01:36:00.525,1489,4
2025-04-10 01:36:00.585,1490,0
2025-04-10 01:36:00.611,1491,0
2025-04-10 01:36:00.655,1492,10
2025-04-10 01:36:00.726,1493,0
2025-04-10 01:36:00.801,1494,0
2025-04-10 01:36:00.825,1495,0
2025-04-10 01:36:00.928,1496,0
2025-04-10 01:36:00.989,1497,0
2025-04-10 01:36:01.067,1498,0
2025-04-10 01:36:01.139,1499,0
2025-04-10 01:36:01.220,1500,10
2025-04-10 01:36:01.281,1501,0
2025-04-10 01:36:01.307,1502,0
2025-04-10 01:36:01.324,1503,0
2025-04-10 01:36:01.353,1504,4
2025-04-10 01:36:01.394,1505,10
2025-04-10 01:36:01.496,1506,0
2025-04-10 01:36:01.552,1507,0
2025-04-10 01:36:01.601,1508,0
2025-04-10 01:36:01.621,1509,0
2025-04-10 01:36:01.668,1510,0
2025-04-10 01:36:01.697,1511,0
2025-04-10 01:36:01.731,1512,4
2025-04-10 01:36:01.775,1513,0
2025-04-10 01:36:01.850,1514,0
2025-04-10 01:36:01.946,1515,0
2025-04-10 01:36:02.029,1516,0
2025-04-10 01:36:02.060,1517,0
2025-04-10 01:36:02.080,1518,0
2025-04-10 01:36:02.224,1519,0
2025-04-10 01:36:02.278,1520,0
2025-04-10 01:36:02.324,1521,0
2025-04-10 01:36:02.369,1522,4
2025-04-10 01:36:02.457,1523,0
2025-04-10 01:36:02.503,1524,0
2025-04-10 01:36:02.564,1525,0
2025-04-10 01:36:02.603,1526,4
2025-04-10 01:36:02.695,1527,4
2025-04-10 01:36:02.737,1528,4
2025-04-10 01:36:02.818,1529,0
2025-04-10 01:36:02.903,1530,0
2025-04-10 01:36:02.932,1531,0
2025-04-10 01:36:03.008,1532,0
2025-04-10 01:36:03.102,1533,0
2025-04-10 01:36:03.152,1534,0
2025-04-10 01:36:03.193,1535,4
2025-04-10 01:36:03.252,1536,0
2025-04-10 01:36:03.272,1537,0
2025-04-10 01:36:03.319,1538,0
2025-04-10 01:36:03.412,1539,0
2025-04-10 01:36:03.509,1540,0
2025-04-10 01:36:03.609,1541,0
2025-04-10 01:36:03.676,1542,0
2025-04-10 01:36:03.770,1543,0
2025-04-10 01:36:03.787,1544,0
2025-04-10 01:36:03.874,1545,0
2025-04-10 01:36:03.889,1546,0
2025-04-10 01:36:03.945,1547,0
2025-04-10 01:36:04.023,1548,0
2025-04-10 01:36:04.060,1549,0
2025-04-10 01:36:04.106,1550,0
2025-04-10 01:36:04.204,1551,0
2025-04-10 01:36:04.293,1552,0
2025-04-10 01:36:04.368,1553,2
2025-04-10 01:36:04.418,1554,0
2025-04-10 01:36:04.466,1555,0
2025-04-10 01:36:04.529,1556,4
2025-04-10 01:36:04.597,1557,0
2025-04-10 01:36:04.695,1558,0
2025-04-10 01:36:04.762,1559,4
2025-04-10 01:36:04.927,1560,0
2025-04-10 01:36:04.963,1561,0
2025-04-10 01:36:04.983,1562,1
2025-04-10 01:36:05.054,1563,0
2025-04-10 01:36:05.090,1564,4
2025-04-10 01:36:05.106,1565,4
2025-04-10 01:36:05.158,1566,0
2025-04-10 01:36:05.234,1567,0
2025-04-10 01:36:05.283,1568,0
2025-04-10 01:36:05.300,1569,0
2025-04-10 01:36:05.399,1570,0
2025-04-10 01:36:05.486,1571,0
2025-04-10 01:36:05.547,1572,0
2025-04-10 01:36:05.634,1573,0
2025-04-10 01:36:05.732,1574,0
2025-04-10 01:36:05.764,1575,10
2025-04-10 01:36:05.835,1576,0
2025-04-10 01:36:05.859,1577,0
2025-04-10 01:36:05.941,1578,0
2025-04-10 01:36:05.996,1579,0
2025-04-10 01:36:06.098,1580,0
2025-04-10 01:36:06.200,1581,0
2025-04-10 01:36:06.222,1582,2
2025-04-10 01:36:06.296,1583,0
2025-04-10 01:36:06.392,1584,0
2025-04-10 01:36:06.432,1585,0
2025-04-10 01:36:06.480,1586,0
2025-04-10 01:36:06.545,1587,10
2025-04-10 01:36:06.641,1588,0
2025-04-10 01:36:06.663,1589,0
2025-04-10 01:36:06.748,1590,0
2025-04-10 01:36:06.847,1591,0
2025-04-10 01:36:06.904,1592,0
2025-04-10 01:36:06.977,1593,10
2025-04-10 01:36:07.059,1594,0
2025-04-10 01:36:07.083,1595,0
2025-04-10 01:36:07.178,1596,0
2025-04-10 01:36:07.209,1597,0
2025-04-10 01:36:07.283,1598,0
2025-04-10 01:36:07.299,1599,0
2025-04-10 01:36:07.332,1600,0
2025-04-10 01:36:07.412,1601,0
2025-04-10 01:36:07.526,1602,0
2025-04-10 01:36:07.560,1603,0
2025-04-10 01:36:07.583,1604,0
2025-04-10 01:36:07.621,1605,0
2025-04-10 01:36:07.658,1606,0
2025-04-10 01:36:07.735,1607,0
2025-04-10 01:36:07.817,1608,0
2025-04-10 01:36:07.835,1609,0
2025-04-10 01:36:07.927,1610,0
2025-04-10 01:36:08.016,1611,0
2025-04-10 01:36:08.098,1612,2
2025-04-10 01:36:08.171,1613,0
2025-04-10 01:36:08.244,1614,0
2025-04-10 01:36:08.298,1615,0
2025-04-10 01:36:08.338,1616,0
2025-04-10 01:36:08.402,1617,0
2025-04-10 01:36:08.471,1618,4
2025-04-10 01:36:08.553,1619,0
2025-04-10 01:36:08.587,1620,4
2025-04-10 01:36:08.622,1621,4
2025-04-10 01:36:08.694,1622,0
2025-04-10 01:36:08.715,1623,0
2025-04-10 01:36:08.793,1624,0
2025-04-10 01:36:08.851,1625,0
2025-04-10 01:36:08.930,1626,0
2025-04-10 01:36:09.026,1627,0
2025-04-10 01:36:09.110,1628,0
2025-04-10 01:36:09.159,1629,0
2025-04-10 01:36:09.204,1630,0
2025-04-10 01:36:09.282,1631,0
2025-04-10 01:36:09.366,1632,0
2025-04-10 01:36:09.461,1633,0
2025-04-10 01:36:09.559,1634,0
2025-04-10 01:36:09.588,1635,0
2025-04-10 01:36:09.611,1636,0
2025-04-10 01:36:09.706,1637,0
2025-04-10 01:36:09.777,1638,0
2025-04-10 01:36:09.823,1639,0
2025-04-10 01:36:09.923,1640,0
2025-04-10 01:36:10.015,1641,10
2025-04-10 01:36:10.057,1642,0
2025-04-10 01:36:10.111,1643,0
2025-04-10 01:36:10.125,1644,10
2025-04-10 01:36:10.163,1645,2
2025-04-10 01:36:10.190,1646,0
2025-04-10 01:36:10.262,1647,10
2025-04-10 01:36:10.279,1648,0
2025-04-10 01:36:10.339,1649,4
2025-04-10 01:36:10.373,1650,0
2025-04-10 01:36:10.459,1651,0
2025-04-10 01:36:10.476,1652,0
2025-04-10 01:36:10.539,1653,0
2025-04-10 01:36:10.585,1654,0
2025-04-10 01:36:10.609,1655,0
2025-04-10 01:36:10.655,1656,0
2025-04-10 01:36:10.744,1657,0
2025-04-10 01:36:10.795,1658,0
2025-04-10 01:36:10.818,1659,0
2025-04-10 01:36:10.869,1660,0
2025-04-10 01:36:10.933,1661,4
2025-04-10 01:36:10.971,1662,0
2025-04-10 01:36:11.007,1663,0
2025-04-10 01:36:11.107,1664,0
2025-04-10 01:36:11.211,1665,0
2025-04-10 01:36:11.312,1666,0
2025-04-10 01:36:11.334,1667,0
2025-04-10 01:36:11.370,1668,0
2025-04-10 01:36:11.437,1669,0
2025-04-10 01:36:11.456,1670,0
2025-04-10 01:36:11.522,1671,0
2025-04-10 01:36:11.551,1672,10
2025-04-10 01:36:11.575,1673,0
2025-04-10 01:36:11.613,1674,0
2025-04-10 01:36:11.691,1675,4
2025-04-10 01:36:11.723,1676,0
2025-04-10 01:36:11.755,1677,10
2025-04-10 01:36:11.825,1678,4
2025-04-10 01:36:11.845,1679,0
2025-04-10 01:36:11.887,1680,4
2025-04-10 01:36:11.929,1681,0
2025-04-10 01:36:11.996,1682,0
2025-04-10 01:36:12.064,1683,0
2025-04-10 01:36:12.081,1684,0
2025-04-10 01:36:12.140,1685,0
2025-04-10 01:36:12.157,1686,10
2025-04-10 01:36:12.225,1687,4
2025-04-10 01:36:12.289,1688,0
2025-04-10 01:36:12.343,1689,0
2025-04-10 01:36:12.411,1690,2
2025-04-10 01:36:12.488,1691,0
2025-04-10 01:36:12.511,1692,0
2025-04-10 01:36:12.551,1693,0
2025-04-10 01:36:12.573,1694,4
2025-04-10 01:36:12.619,1695,0
2025-04-10 01:36:12.713,1696,0
2025-04-10 01:36:12.777,1697,0
2025-04-10 01:36:12.840,1698,0
2025-04-10 01:36:12.859,1699,0
2025-04-10 01:36:12.906,1700,0
2025-04-10 01:36:12.978,1701,0
2025-04-10 01:36:13.015,1702,0
2025-04-10 01:36:13.084,1703,0
2025-04-10 01:36:13.102,1704,0
2025-04-10 01:36:13.176,1705,0
2025-04-10 01:36:13.189,1706,0
2025-04-10 01:36:13.248,1707,0
2025-04-10 01:36:13.344,1708,0
2025-04-10 01:36:13.358,1709,0
2025-04-10 01:36:13.473,1710,0
2025-04-10 01:36:13.544,1711,0
2025-04-10 01:36:13.599,1712,10
2025-04-10 01:36:13.709,1713,0
2025-04-10 01:36:13.825,1714,0
2025-04-10 01:36:13.902,1715,0
2025-04-10 01:36:13.973,1716,0
2025-04-10 01:36:14.029,1717,0
2025-04-10 01:36:14.107,1718,0
2025-04-10 01:36:14.161,1719,2
2025-04-10 01:36:14.202,1720,0
2025-04-10 01:36:14.226,1721,0
2025-04-10 01:36:14.318,1722,0
2025-04-10 01:36:14.342,1723,10
2025-04-10 01:36:14.392,1724,0
2025-04-10 01:36:14.451,1725,0
2025-04-10 01:36:14.523,1726,0
2025-04-10 01:36:14.614,1727,0
2025-04-10 01:36:14.711,1728,0
2025-04-10 01:36:14.770,1729,10
2025-04-10 01:36:14.873,1730,0
2025-04-10 01:36:14.889,1731,0
2025-04-10 01:36:14.977,1732,0
2025-04-10 01:36:15.069,1733,0
2025-04-10 01:36:15.109,1734,0
2025-04-10 01:36:15.151,1735,0
2025-04-10 01:36:15.243,1736,0
2025-04-10 01:36:15.326,1737,0
2025-04-10 01:36:15.416,1738,0
2025-04-10 01:36:15.489,1739,0
2025-04-10 01:36:15.540,1740,0
2025-04-10 01:36:15.621,1741,0
2025-04-10 01:36:15.691,1742,10
2025-04-10 01:36:15.753,1743,0
2025-04-10 01:36:15.831,1744,0
2025-04-10 01:36:15.890,1745,0
2025-04-10 01:36:15.983,1746,10
2025-04-10 01:36:16.044,1747,0
2025-04-10 01:36:16.120,1748,4
2025-04-10 01:36:16.168,1749,0
2025-04-10 01:36:16.257,1750,0
2025-04-10 01:36:16.327,1751,0
2025-04-10 01:36:16.403,1752,0
2025-04-10 01:36:16.472,1753,0
2025-04-10 01:36:16.516,1754,0
2025-04-10 01:36:16.637,1755,0
2025-04-10 01:36:16.741,1756,0
2025-04-10 01:36:16.765,1757,0
2025-04-10 01:36:16.838,1758,4
2025-04-10 01:36:16.894,1759,0
2025-04-10 01:36:16.944,1760,0
2025-04-10 01:36:17.022,1761,0
2025-04-10 01:36:17.074,1762,0
2025-04-10 01:36:17.176,1763,0
2025-04-10 01:36:17.212,1764,0
2025-04-10 01:36:17.229,1765,0
2025-04-10 01:36:17.278,1766,0
2025-04-10 01:36:17.350,1767,0
2025-04-10 01:36:17.395,1768,0
2025-04-10 01:36:17.439,1769,4
2025-04-10 01:36:17.463,1770,0
2025-04-10 01:36:17.510,1771,10
2025-04-10 01:36:17.581,1772,0
2025-04-10 01:36:17.634,1773,0
2025-04-10 01:36:17.663,1774,0
2025-04-10 01:36:17.761,1775,0
2025-04-10 01:36:17.809,1776,0
2025-04-10 01:36:17.844,1777,10
2025-04-10 01:36:17.863,1778,0
2025-04-10 01:36:17.969,1779,10
2025-04-10 01:36:18.018,1780,0
2025-04-10 01:36:18.121,1781,2
2025-04-10 01:36:18.183,1782,0
2025-04-10 01:36:18.199,1783,0
2025-04-10 01:36:18.282,1784,0
2025-04-10 01:36:18.317,1785,0
2025-04-10 01:36:18.355,1786,10
2025-04-10 01:36:18.452,1787,2
2025-04-10 01:36:18.477,1788,0
2025-04-10 01:36:18.521,1789,0
2025-04-10 01:36:18.613,1790,0
2025-04-10 01:36:18.656,1791,0
2025-04-10 01:36:18.711,1792,0
2025-04-10 01:36:18.777,1793,0
2025-04-10 01:36:18.797,1794,0
2025-04-10 01:36:18.878,1795,0
2025-04-10 01:36:18.969,1796,0
2025-04-10 01:36:19.004,1797,10
2025-04-10 01:36:19.036,1798,0
2025-04-10 01:36:19.143,1799,0
2025-04-10 01:36:19.205,1800,2
2025-04-10 01:36:19.228,1801,0
2025-04-10 01:36:19.271,1802,0
2025-04-10 01:36:19.321,1803,0
2025-04-10 01:36:19.385,1804,2
2025-04-10 01:36:19.432,1805,2
2025-04-10 01:36:19.461,1806,4
2025-04-10 01:36:19.552,1807,0
2025-04-10 01:36:19.627,1808,0
2025-04-10 01:36:19.700,1809,0
2025-04-10 01:36:19.781,1810,0
2025-04-10 01:36:19.848,1811,2
2025-04-10 01:36:19.929,1812,2
2025-04-10 01:36:20.010,1813,0
2025-04-10 01:36:20.114,1814,0
2025-04-10 01:36:20.156,1815,4
2025-04-10 01:36:20.189,1816,0
2025-04-10 01:36:20.232,1817,0
2025-04-10 01:36:20.308,1818,4
2025-04-10 01:36:20.401,1819,0
2025-04-10 01:36:20.469,1820,4
2025-04-10 01:36:20.572,1821,0
2025-04-10 01:36:20.655,1822,0
2025-04-10 01:36:20.746,1823,0
2025-04-10 01:36:20.804,1824,0
2025-04-10 01:36:20.863,1825,0
2025-04-10 01:36:20.891,1826,0
2025-04-10 01:36:20.916,1827,0
2025-04-10 01:36:20.996,1828,2
2025-04-10 01:36:21.026,1829,0
2025-04-10 01:36:21.125,1830,0
2025-04-10 01:36:21.175,1831,0
2025-04-10 01:36:21.259,1832,0
2025-04-10 01:36:21.351,1833,0
2025-04-10 01:36:21.385,1834,0
2025-04-10 01:36:21.481,1835,0
2025-04-10 01:36:21.544,1836,0
2025-04-10 01:36:21.632,1837,10
2025-04-10 01:36:21.677,1838,0
2025-04-10 01:36:21.770,1839,0
2025-04-10 01:36:21.852,1840,0
2025-04-10 01:36:21.872,1841,0
2025-04-10 01:36:21.923,1842,5
2025-04-10 01:36:21.979,1843,0
2025-04-10 01:36:22.036,1844,0
2025-04-10 01:36:22.066,1845,0
2025-04-10 01:36:22.101,1846,10
2025-04-10 01:36:22.153,1847,0
2025-04-10 01:36:22.211,1848,0
2025-04-10 01:36:22.313,1849,0
2025-04-10 01:36:22.335,1850,0
2025-04-10 01:36:22.368,1851,0
2025-04-10 01:36:22.433,1852,10
2025-04-10 01:36:22.501,1853,0
2025-04-10 01:36:22.549,1854,0
2025-04-10 01:36:22.620,1855,0
2025-04-10 01:36:22.704,1856,0
2025-04-10 01:36:22.793,1857,0
2025-04-10 01:36:22.855,1858,0
2025-04-10 01:36:22.914,1859,0
2025-04-10 01:36:22.961,1860,4
2025-04-10 01:36:22.975,1861,4
2025-04-10 01:36:23.020,1862,0
2025-04-10 01:36:23.079,1863,0
2025-04-10 01:36:23.099,1864,0
2025-04-10 01:36:23.118,1865,0
2025-04-10 01:36:23.154,1866,0
2025-04-10 01:36:23.250,1867,4
2025-04-10 01:36:23.348,1868,10
2025-04-10 01:36:23.414,1869,4
2025-04-10 01:36:23.437,1870,0
2025-04-10 01:36:23.554,1871,0
2025-04-10 01:36:23.599,1872,0
2025-04-10 01:36:23.626,1873,0
2025-04-10 01:36:23.705,1874,0
2025-04-10 01:36:23.743,1875,0
2025-04-10 01:36:23.836,1876,0
2025-04-10 01:36:23.888,1877,0
2025-04-10 01:36:23.983,1878,0
2025-04-10 01:36:24.006,1879,0
2025-04-10 01:36:24.050,1880,4
2025-04-10 01:36:24.093,1881,0
2025-04-10 01:36:24.122,1882,0
2025-04-10 01:36:24.156,1883,0
2025-04-10 01:36:24.186,1884,0
2025-04-10 01:36:24.245,1885,4
2025-04-10 01:36:24.328,1886,0
2025-04-10 01:36:24.397,1887,6
2025-04-10 01:36:24.484,1888,0
2025-04-10 01:36:24.530,1889,0
2025-04-10 01:36:24.614,1890,0
2025-04-10 01:36:24.698,1891,0
2025-04-10 01:36:24.756,1892,0
2025-04-10 01:36:24.788,1893,0
2025-04-10 01:36:24.861,1894,0
2025-04-10 01:36:24.947,1895,0
2025-04-10 01:36:24.988,1896,0
2025-04-10 01:36:25.070,1897,0
2025-04-10 01:36:25.172,1898,4
2025-04-10 01:36:25.228,1899,0
2025-04-10 01:36:25.328,1900,0
2025-04-10 01:36:25.400,1901,0
2025-04-10 01:36:25.455,1902,2
2025-04-10 01:36:25.529,1903,0
2025-04-10 01:36:25.576,1904,0
2025-04-10 01:36:25.653,1905,4
2025-04-10 01:36:25.670,1906,0
2025-04-10 01:36:25.735,1907,0
2025-04-10 01:36:25.831,1908,4
2025-04-10 01:36:25.881,1909,0
2025-04-10 01:36:25.935,1910,0
2025-04-10 01:36:25.959,1911,0
2025-04-10 01:36:25.988,1912,0
2025-04-10 01:36:26.056,1913,0
2025-04-10 01:36:26.085,1914,4
2025-04-10 01:36:26.180,1915,0
2025-04-10 01:36:26.228,1916,0
2025-04-10 01:36:26.331,1917,2
2025-04-10 01:36:26.372,1918,0
2025-04-10 01:36:26.417,1919,0
2025-04-10 01:36:26.451,1920,2
2025-04-10 01:36:26.482,1921,0
2025-04-10 01:36:26.572,1922,0
2025-04-10 01:36:26.676,1923,0
2025-04-10 01:36:26.756,1924,0
2025-04-10 01:36:26.830,1925,0
2025-04-10 01:36:26.923,1926,10
2025-04-10 01:36:26.989,1927,0
2025-04-10 01:36:27.081,1928,0
2025-04-10 01:36:27.127,1929,0
2025-04-10 01:36:27.179,1930,0
2025-04-10 01:36:27.215,1931,4
2025-04-10 01:36:27.243,1932,4
2025-04-10 01:36:27.262,1933,0
2025-04-10 01:36:27.275,1934,0
2025-04-10 01:36:27.372,1935,10
2025-04-10 01:36:27.403,1936,0
2025-04-10 01:36:27.427,1937,0
2025-04-10 01:36:27.476,1938,0
2025-04-10 01:36:27.522,1939,0
2025-04-10 01:36:27.578,1940,0
2025-04-10 01:36:27.617,1941,0
2025-04-10 01:36:27.637,1942,0
2025-04-10 01:36:27.721,1943,0
2025-04-10 01:36:27.773,1944,2
2025-04-10 01:36:27.851,1945,0
2025-04-10 01:36:27.945,1946,0
2025-04-10 01:36:28.033,1947,0
2025-04-10 01:36:28.064,1948,4
2025-04-10 01:36:28.137,1949,0
2025-04-10 01:36:28.180,1950,0
2025-04-10 01:36:28.240,1951,0
2025-04-10 01:36:28.334,1952,0
2025-04-10 01:36:28.415,1953,0
2025-04-10 01:36:28.489,1954,0
2025-04-10 01:36:28.523,1955,0
2025-04-10 01:36:28.584,1956,0
2025-04-10 01:36:28.603,1957,0
2025-04-10 01:36:28.664,1958,0
2025-04-10 01:36:28.713,1959,0
2025-04-10 01:36:28.764,1960,0
2025-04-10 01:36:28.833,1961,0
2025-04-10 01:36:28.898,1962,0
2025-04-10 01:36:28.985,1963,4
2025-04-10 01:36:29.001,1964,0
2025-04-10 01:36:29.039,1965,0
2025-04-10 01:36:29.138,1966,4
2025-04-10 01:36:29.187,1967,7
2025-04-10 01:36:29.270,1968,0
2025-04-10 01:36:29.349,1969,0
2025-04-10 01:36:29.424,1970,0
2025-04-10 01:36:29.451,1971,0
2025-04-10 01:36:29.475,1972,0
2025-04-10 01:36:29.584,1973,2
2025-04-10 01:36:29.688,1974,0
2025-04-10 01:36:29.769,1975,0
2025-04-10 01:36:29.791,1976,0
2025-04-10 01:36:29.856,1977,0
2025-04-10 01:36:29.947,1978,0
2025-04-10 01:36:29.990,1979,0
2025-04-10 01:36:30.086,1980,0
2025-04-10 01:36:30.176,1981,0
2025-04-10 01:36:30.268,1982,10
2025-04-10 01:36:30.336,1983,4
2025-04-10 01:36:30.380,1984,0
2025-04-10 01:36:30.442,1985,4
2025-04-10 01:36:30.505,1986,0
2025-04-10 01:36:30.579,1987,0
2025-04-10 01:36:30.602,1988,4
2025-04-10 01:36:30.706,1989,0
2025-04-10 01:36:30.744,1990,0
2025-04-10 01:36:30.808,1991,0
2025-04-10 01:36:30.917,1992,0
2025-04-10 01:36:30.980,1993,0
2025-04-10 01:36:31.047,1994,0
2025-04-10 01:36:31.141,1995,0
2025-04-10 01:36:31.188,1996,0
2025-04-10 01:36:31.246,1997,4
2025-04-10 01:36:31.269,1998,0
2025-04-10 01:36:31.354,1999,0
2025-04-10 01:36:31.375,2000,4
2025-04-10 01:36:31.423,2001,0
2025-04-10 01:36:31.440,2002,0
2025-04-10 01:36:31.518,2003,0
2025-04-10 01:36:31.595,2004,10
2025-04-10 01:36:31.635,2005,0
2025-04-10 01:36:31.729,2006,0
2025-04-10 01:36:31.768,2007,0
2025-04-10 01:36:31.803,2008,0
2025-04-10 01:36:31.848,2009,0
2025-04-10 01:36:31.912,2010,4
2025-04-10 01:36:32.002,2011,0
2025-04-10 01:36:32.080,2012,0
2025-04-10 01:36:32.125,2013,0
2025-04-10 01:36:32.198,2014,0
2025-04-10 01:36:32.254,2015,4
2025-04-10 01:36:32.322,2016,0
2025-04-10 01:36:32.386,2017,0
2025-04-10 01:36:32.475,2018,0
2025-04-10 01:36:32.505,2019,0
2025-04-10 01:36:32.544,2020,0
2025-04-10 01:36:32.632,2021,0
2025-04-10 01:36:32.697,2022,0
2025-04-10 01:36:32.742,2023,10
2025-04-10 01:36:32.828,2024,0
2025-04-10 01:36:32.917,2025,4
2025-04-10 01:36:32.975,2026,0
2025-04-10 01:36:32.990,2027,4
2025-04-10 01:36:33.090,2028,0
2025-04-10 01:36:33.144,2029,0
2025-04-10 01:36:33.177,2030,0
2025-04-10 01:36:33.194,2031,0
2025-04-10 01:36:33.253,2032,0
2025-04-10 01:36:33.276,2033,0
2025-04-10 01:36:33.323,2034,0
2025-04-10 01:36:33.334,2035,0
2025-04-10 01:36:33.400,2036,0
2025-04-10 01:36:33.427,2037,0
2025-04-10 01:36:33.524,2038,0
2025-04-10 01:36:33.585,2039,0
2025-04-10 01:36:33.684,2040,0
2025-04-10 01:36:33.698,2041,0
2025-04-10 01:36:33.786,2042,0
2025-04-10 01:36:33.843,2043,5
2025-04-10 01:36:33.911,2044,0
2025-04-10 01:36:33.926,2045,0
2025-04-10 01:36:34.022,2046,0
2025-04-10 01:36:34.082,2047,0
2025-04-10 01:36:34.155,2048,0
2025-04-10 01:36:34.245,2049,0
2025-04-10 01:36:34.325,2050,2
2025-04-10 01:36:34.387,2051,0
2025-04-10 01:36:34.429,2052,0
2025-04-10 01:36:34.507,2053,0
2025-04-10 01:36:34.550,2054,0
2025-04-10 01:36:34.623,2055,0
2025-04-10 01:36:34.662,2056,0
2025-04-10 01:36:34.699,2057,4
2025-04-10 01:36:34.741,2058,4
2025-04-10 01:36:34.800,2059,2
2025-04-10 01:36:34.910,2060,0
2025-04-10 01:36:35.005,2061,0
2025-04-10 01:36:35.055,2062,0
2025-04-10 01:36:35.069,2063,0
2025-04-10 01:36:35.106,2064,0
